security,company name,ticker,
Акции,Covestro AG,1COV@DE,
Акции,"Agilent Technologies, Inc.",A,
Акции,Alcoa Corporation,AA,
Акции,American Airlines Group Inc.,AAL,
Акции,"The Aaron’s Company, Inc.",AAN,
Акции,"AAON, Inc.",AAON,
Акции,"Advance Auto Parts, Inc.",AAP,
Акции,Apple Inc.,AAPL,
Акции,AbbVie Inc.,ABBV,
Акции,AmerisourceBergen Corporation,ABC,
Акции,AbCellera Biologics Inc.,ABCL,
Акции,"Asbury Automotive Group, Inc.",ABG,
Акции,"ABIOMED, Inc.",ABMD,
Акции,"Airbnb, Inc.",ABNB,
Акции,Abbott Laboratories,ABT,
Акции,ACADIA Pharmaceuticals Inc.,ACAD,
Акции,Arch Capital Group Ltd.,ACGL,
Депозитарные расписки,The Bank of New York Mellon,ACH,
Акции,"ACI Worldwide, Inc.",ACIW,
Акции,"Axcelis Technologies, Inc.",ACLS,
Акции,AECOM,ACM,
Акции,"ACM Research, Inc.",ACMR,
Акции,Accenture plc,ACN,
Акции,Adobe Inc.,ADBE,
Акции,"Analog Devices, Inc.",ADI,
Акции,Archer-Daniels-Midland Company,ADM,
Акции,"Automatic Data Processing, Inc.",ADP,
Акции,Adaptive Biotechnologies Corporation,ADPT,
Акции,Alliance Data Systems Corporation,ADS,
Акции,adidas AG,ADS@DE,
Акции,"Autodesk, Inc.",ADSK,
Акции,Addus HomeCare Corporation,ADUS,
Акции,Ameren Corporation,AEE,
Акции,"Advanced Energy Industries, Inc.",AEIS,
Акции,Agnico Eagle Mines Limited,AEM,
Акции,"American Eagle Outfitters, Inc.",AEO,
Акции,AerCap Holdings N.V.,AER,
Акции,"Aerie Pharmaceuticals, Inc.",AERI,
Акции,The AES Corporation,AES,
Акции,"American Financial Group, Inc.",AFG,
Акции,Aflac Incorporated,AFL,
Акции,Affimed N.V.,AFMD,
Акции,"Affirm Holdings, Inc.",AFRM,
Акции,Carl Zeiss Meditec AG,AFX@DE,
Акции,AGCO Corporation,AGCO,
Акции,"Agios Pharmaceuticals, Inc.",AGIO,
Акции,AGNC Investment Corp.,AGNC,
Акции,"C3.ai, Inc.",AI,
Акции,"American International Group, Inc.",AIG,
Акции,Albany International Corp.,AIN,
Акции,AAR CORP.,AIR,
Акции,Apartment Income REIT Corp.,AIRC,
Акции,"Applied Industrial Technologies, Inc.",AIT,
Акции,Apartment Investment & Management Company,AIV,
Акции,"Assurant, Inc.",AIZ,
Акции,Arthur J. Gallagher & Co.,AJG,
Акции,"Aerojet Rocketdyne Holdings, Inc.",AJRD,
Акции,"Akamai Technologies, Inc.",AKAM,
Акции,Albemarle Corporation,ALB,
Акции,Alcon Inc.,ALC,
Акции,"ALLETE, Inc.",ALE,
Акции,"Alector, Inc.",ALEC,
Акции,Alamo Group Inc.,ALG,
Акции,"Align Technology, Inc.",ALGN,
Акции,Allegiant Travel Company,ALGT,
Акции,"Alight, Inc.",ALIT,
Акции,"Alaska Air Group, Inc.",ALK,
Акции,The Allstate Corporation,ALL,
Акции,Allegion Public Limited Company,ALLE,
Акции,Allakos Inc.,ALLK,
Акции,"Allogene Therapeutics, Inc.",ALLO,
Акции,Ally Financial Inc.,ALLY,
Акции,"Alnylam Pharmaceuticals, Inc.",ALNY,
Акции,"Alarm.com Holdings, Inc.",ALRM,
Акции,"Allison Transmission Holdings, Inc.",ALSN,
Акции,Altair Engineering Inc.,ALTR,
Акции,"Autoliv, Inc.",ALV,
Акции,Allianz SE,ALV@DE,
Акции,ALX Oncology Holdings Inc.,ALXO,
Акции,"Applied Materials, Inc.",AMAT,
Акции,"Ambarella, Inc.",AMBA,
Акции,Amcor plc,AMCR,
Акции,AMC Networks Inc.,AMCX,
Акции,"Advanced Micro Devices, Inc.",AMD,
Акции,"AMETEK, Inc.",AME,
Акции,"Amedisys, Inc.",AMED,
Акции,"Apollo Medical Holdings, Inc.",AMEH,
Акции,"Affiliated Managers Group, Inc.",AMG,
Акции,Amgen Inc.,AMGN,
Акции,American Homes 4 Rent,AMH,
Акции,"AMN Healthcare Services, Inc.",AMN,
Акции,"Ameriprise Financial, Inc.",AMP,
Акции,"AMERISAFE, Inc.",AMSF,
Акции,American Tower Corporation,AMT,
Акции,Applied Molecular Transport Inc.,AMTI,
Акции,American Woodmark Corporation,AMWD,
Акции,"Amazon.com, Inc.",AMZN,
Акции,"AutoNation, Inc.",AN,
Акции,"AnaptysBio, Inc.",ANAB,
Акции,"The Andersons, Inc.",ANDE,
Акции,"Arista Networks, Inc.",ANET,
Акции,Abercrombie & Fitch Co.,ANF,
Акции,Angi Inc.,ANGI,
Акции,"Anika Therapeutics, Inc.",ANIK,
Акции,"ANI Pharmaceuticals, Inc.",ANIP,
Акции,"ANSYS, Inc.",ANSS,
Акции,"Anthem, Inc.",ANTM,
Акции,Aon plc,AON,
Акции,"Artivion, Inc.",AORT,
Акции,A. O. Smith Corporation,AOS,
Акции,"American Outdoor Brands, Inc.",AOUT,
Акции,APA Corporation,APA,
Акции,Artisan Partners Asset Management Inc.,APAM,
Акции,"Air Products & Chemicals, Inc.",APD,
Акции,"American Public Education, Inc.",APEI,
Акции,Amphenol Corporation,APH,
Акции,"Apple Hospitality REIT, Inc.",APLE,
Акции,"Apellis Pharmaceuticals, Inc.",APLS,
Акции,"Applied Therapeutics, Inc.",APLT,
Акции,AppLovin Corporation,APP,
Акции,"AppFolio, Inc.",APPF,
Акции,"AppHarvest, Inc.",APPH,
Акции,Appian Corporation,APPN,
Акции,"Digital Turbine, Inc.",APPS,
Акции,Aptiv PLC ,APTV,
Акции,Ares Capital Corporation,ARCC,
Акции,Arcturus Therapeutics Holdings Inc.,ARCT,
Акции,"Alexandria Real Estate Equities, Inc.",ARE,
Акции,Aramark,ARMK,
Акции,Arconic Corporation,ARNC,
Акции,"Arcutis Biotherapeutics, Inc.",ARQT,
Акции,Arrival,ARVL,
Акции,"Arvinas, Inc.",ARVN,
Акции,"Arrow Electronics, Inc.",ARW,
Акции,"Arrowhead Pharmaceuticals, Inc.",ARWR,
Акции,"Asana, Inc.",ASAN,
Акции,ASGN Incorporated,ASGN,
Акции,Ashland Global Holdings Inc.,ASH,
Акции,AdvanSix Inc.,ASIX,
Акции,"Academy Sports and Outdoors, Inc.",ASO,
Акции,"Astra Space, Inc.",ASTR,
Акции,Anterix Inc.,ATEX,
Акции,Adtalem Global Education Inc.,ATGE,
Акции,Atkore Inc.,ATKR,
Акции,"ATN International, Inc.",ATNI,
Акции,"AptarGroup, Inc.",ATR,
Акции,"Atara Biotherapeutics, Inc.",ATRA,
Акции,"AtriCure, Inc.",ATRC,
Акции,Atrion Corporation,ATRI,
Акции,Astronics Corporation,ATRO,
Акции,"Altice USA, Inc.",ATUS,
Акции,"Activision Blizzard, Inc.",ATVI,
Акции,Aurinia Pharmaceuticals Inc.,AUPH,
Акции,Avista Corporation,AVA,
Акции,"AeroVironment, Inc.",AVAV,
Акции,"AvalonBay Communities, Inc.",AVB,
Акции,Broadcom Inc.,AVGO,
Акции,"Atea Pharmaceuticals, Inc.",AVIR,
Акции,"Avalara, Inc.",AVLR,
Акции,"Avanos Medical, Inc.",AVNS,
Акции,Avient Corporation,AVNT,
Акции,"Avnet, Inc.",AVT,
Акции,"Avantor, Inc.",AVTR,
Акции,Avery Dennison Corporation,AVY,
Акции,Aspira Women's Health Inc.,AWH,
Акции,"Armstrong World Industries, Inc.",AWI,
Акции,"American Water Works Company, Inc.",AWK,
Акции,American States Water Company,AWR,
Акции,"Axos Financial, Inc.",AX,
Акции,"Axogen, Inc.",AXGN,
Акции,"Axonics, Inc.",AXNX,
Акции,"Axon Enterprise, Inc.",AXON,
Акции,American Express Company,AXP,
Акции,"Axsome Therapeutics, Inc.",AXSM,
Акции,Axalta Coating Systems Ltd.,AXTA,
Акции,"Acuity Brands, Inc.",AYI,
Акции,"Alteryx, Inc.",AYX,
Акции,The AZEK Company Inc.,AZEK,
Депозитарные расписки,Deutsche Bank Trust Company Americas,AZN,
Акции,"AutoZone, Inc.",AZO,
Акции,"Aspen Technology, Inc.",AZPN,
Акции,"Azenta, Inc.",AZTA,
Акции,THE BOEING COMPANY,BA,
Депозитарные расписки,"Citibank, N.A.",BABA,
Акции,Bank of America Corporation,BAC,
Акции,Booz Allen Hamilton Holding Corporation,BAH,
Акции,Bandwidth Inc.,BAND,
Акции,BASF SE,BAS@DE,
Акции,JSC “BAST”,BAST,
Акции,Baxter International Inc.,BAX,
Акции,Bayer Aktiengesellschaft,BAYN@DE,
Акции,Bed Bath & Beyond Inc.,BBBY,
Акции,"BridgeBio Pharma, Inc.",BBIO,
Акции,"Barrett Business Services, Inc.",BBSI,
Акции,"Bath & Body Works, Inc.",BBWI,
Акции,"Best Buy Co., Inc.",BBY,
Акции,Brunswick Corporation,BC,
Акции,The Brink's Company,BCO,
Акции,Balchem Corporation,BCPC,
Акции,Belden Inc.,BDC,
Акции,"Black Diamond Therapeutics, Inc.",BDTX,
Акции,"Becton, Dickinson and Company",BDX,
Акции,Beam Therapeutics Inc.,BEAM,
Акции,"Beacon Roofing Supply, Inc.",BECN,
Облигации,The Republic of Belarus,BEL0223,
Облигации,The Republic of Belarus,BEL0226,
Облигации,The Republic of Belarus,BEL0230,
Облигации,The Republic of Belarus,BEL0231,
Облигации,The Republic of Belarus,BEL0627,
Акции,"Franklin Resources, Inc.",BEN,
Акции,"Berry Global Group, Inc.",BERY,
Акции,Brown-Forman Corporation,BF B,
Акции,Bright Horizons Family Solutions Inc.,BFAM,
Акции,"B&G Foods, Inc.",BGS,
Акции,Biglari Holdings Inc.,BH,
Акции,"Brighthouse Financial, Inc.",BHF,
Депозитарные расписки,The Bank of New York Mellon,BIDU,
Акции,"Big Lots, Inc.",BIG,
Акции,"BigCommerce Holdings, Inc.",BIGC,
Акции,Biogen Inc.,BIIB,
Депозитарные расписки,Deutsche Bank Trust Company Americas,BILI,
Акции,"Bill.com Holdings, Inc.",BILL,
Акции,"Bio-Rad Laboratories, Inc.",BIO,
Акции,"BJ's Wholesale Club Holdings, Inc.",BJ,
Акции,"BJ's Restaurants, Inc.",BJRI,
Акции,The Bank of New York Mellon Corporation,BK,
Акции,"Black Knight, Inc.",BKI,
Акции,Booking Holdings Inc.,BKNG,
Акции,Baker Hughes Company,BKR,
Акции,"BankUnited, Inc.",BKU,
Акции,"BlackLine, Inc.",BL,
Акции,TopBuild Corp.,BLD,
Акции,"Builders FirstSource, Inc.",BLDR,
Акции,"Berkeley Lights, Inc.",BLI,
Акции,"BlackRock, Inc.",BLK,
Акции,"Blackbaud, Inc.",BLKB,
Акции,Ball Corporation,BLL,
Акции,"Bloomin' Brands, Inc.",BLMN,
Акции,Blink Charging Co.,BLNK,
Акции,"bluebird bio, Inc.",BLUE,
Акции,"Backblaze, Inc.",BLZE,
Акции,"Badger Meter, Inc.",BMI,
Акции,BioMarin Pharmaceutical Inc.,BMRN,
Акции,Bayerische Motoren Werke Aktiengesellschaft,BMW@DE,
Акции,Bristol-Myers Squibb Company,BMY,
Акции,"Bionano Genomics, Inc.",BNGO,
Акции,Bank of Hawaii Corporation,BOH,
Акции,BOK Financial Corporation,BOKF,
Акции,"Boot Barn Holdings, Inc.",BOOT,
Акции,HUGO BOSS AG,BOSS@DE,
Акции,"Box, Inc.",BOX,
Акции,Blueprint Medicines Corporation,BPMC,
Акции,"Broadridge Financial Solutions, Inc.",BR,
Акции,"BellRing Brands, Inc.",BRBR,
Акции,Brady Corporation,BRC,
Акции,Berkshire Hathaway Inc.,BRK B,
Акции,Bruker Corporation,BRKR,
Акции,"Brown & Brown, Inc.",BRO,
Акции,Brixmor Property Group Inc.,BRX,
Акции,Boston Scientific Corporation,BSX,
Акции,"Bentley Systems, Incorporated",BSY,
Акции,"BioXcel Therapeutics, Inc.",BTAI,
Депозитарные расписки,"Citibank, N.A.",BTI,
Депозитарные расписки,The Bank of New York Mellon,BUD,
Акции,"Burlington Stores, Inc.",BURL,
Акции,Borussia Dortmund GmbH & Co. Kommanditgesellschaft auf Aktien,BVB@DE,
Акции,BorgWarner Inc.,BWA,
Акции,"BWX Technologies, Inc.",BWXT,
Акции,Blackstone Inc.,BX,
Акции,"Boston Properties, Inc.",BXP,
Акции,"Beyond Meat, Inc.",BYND,
Акции,BeyondSpring Inc.,BYSI,
Депозитарные расписки,"JPMorgan Chase Bank, N.A.",BZUN,
Акции,Citigroup Inc.,C,
Акции,"Cable One, Inc.",CABO,
Акции,Credit Acceptance Corporation,CACC,
Акции,CACI International Inc,CACI,
Акции,"Conagra Brands, Inc.",CAG,
Акции,"Cardinal Health, Inc.",CAH,
Акции,"Cal-Maine Foods, Inc.",CALM,
Акции,"Cara Therapeutics, Inc.",CARA,
Акции,"CarGurus, Inc.",CARG,
Акции,Carrier Global Corporation,CARR,
Акции,Cars.com Inc.,CARS,
Акции,"Casey's General Stores, Inc.",CASY,
Акции,Caterpillar Inc.,CAT,
Акции,Chubb Limited,CB,
Облигации,CBOM Finance p.l.c. ,CBOM0224EU,
Акции,"CBRE Group, Inc.",CBRE,
Акции,"Cracker Barrel Old Country Store, Inc.",CBRL,
Акции,"Commerce Bancshares, Inc.",CBSH,
Акции,"Community Bank System, Inc.",CBU,
Акции,The Chemours Company,CC,
Акции,Crown Castle International Corp.,CCI,
Акции,Cameco Corporation,CCJ,
Акции,"Crown Holdings, Inc.",CCK,
Акции,Carnival Corporation,CCL,
Акции,"CMC Materials, Inc.",CCMP,
Акции,"Cogent Communications Holdings, Inc.",CCOI,
Акции,"Century Communities, Inc.",CCS,
Акции,"Consensus Cloud Solutions, Inc.",CCSI,
Акции,"ChemoCentryx, Inc.",CCXI,
Акции,"CDK Global, Inc.",CDK,
Акции,"Cardlytics, Inc.",CDLX,
Акции,"CareDx, Inc.",CDNA,
Акции,"Cadence Design Systems, Inc.",CDNS,
Акции,CDW Corporation,CDW,
Акции,Celanese Corporation,CE,
Депозитарные расписки,The Bank of New York Mellon,CEA,
Акции,Constellation Energy Corporation,CEG,
Акции,Central Garden & Pet Company,CENT,
Акции,Central Garden & Pet Company,CENTA,
Акции,Cerner Corporation,CERN,
Акции,"CEVA, Inc.",CEVA,
Акции,"CF Industries Holdings, Inc.",CF,
Акции,"Citizens Financial Group, Inc.",CFG,
Акции,"Confluent, Inc.",CFLT,
Акции,"Cullen/Frost Bankers, Inc.",CFR,
Акции,Colfax Corporation,CFX,
Акции,Compugen Ltd.,CGEN,
Акции,Cognyte Software Ltd.,CGNT,
Акции,Cognex Corporation,CGNX,
Акции,City Holding Company,CHCO,
Акции,"Church & Dwight Co., Inc.",CHD,
Акции,Churchill Downs Incorporated,CHDN,
Акции,Chemed Corporation,CHE,
Акции,"The Chefs’ Warehouse, Inc.",CHEF,
Акции,"Chegg, Inc.",CHGG,
Акции,"Choice Hotels International, Inc.",CHH,
Акции,Check Point Software Technologies Ltd.,CHKP,
Облигации,Steel Capital S.A.,CHMF1022,
Акции,Change Healthcare Inc.,CHNG,
Акции,"ChargePoint Holdings, Inc.",CHPT,
Акции,"C.H. Robinson Worldwide, Inc.",CHRW,
Акции,"Charter Communications, Inc.",CHTR,
Акции,"Chewy, Inc.",CHWY,
Акции,ChampionX Corporation,CHX,
Акции,Cigna Corporation,CI,
Депозитарные расписки,The Bank of New York Mellon,CIAN,
Акции,Ciena Corporation,CIEN,
Акции,Cincinnatiм Financial Corporation,CINF,
Акции,Colgate-Palmolive Company,CL,
Акции,Chatham Lodging Trust,CLDT,
Акции,Cleveland-Cliffs Inc.,CLF,
Акции,"Clean Harbors, Inc.",CLH,
Акции,"Clover Health Investments, Corp.",CLOV,
Акции,"Continental Resources, Inc.",CLR,
Акции,"CleanSpark, Inc.",CLSK,
Акции,Clarivate Plc,CLVT,
Акции,The Clorox Company,CLX,
Акции,Comerica Incorporated,CMA,
Акции,Commercial Metals Company,CMC,
Акции,Columbus McKinnon Corporation,CMCO,
Акции,Comcast Corporation,CMCSA,
Акции,CME Group Inc.,CME,
Акции,"Chipotle Mexican Grill, Inc.",CMG,
Акции,Cummins Inc.,CMI,
Акции,"Compass Minerals International, Inc.",CMP,
Акции,CMS Energy Corporation,CMS,
Акции,Centene Corporation,CNC,
Акции,CNH Industrial N.V.,CNHI,
Акции,Canadian National Railway Company,CNI,
Акции,"Cinemark Holdings, Inc.",CNK,
Акции,CONMED Corporation,CNMD,
Акции,"CenterPoint Energy, Inc.",CNP,
Акции,"Cohen & Steers, Inc.",CNS,
Акции,CNX Resources Corporation,CNX,
Акции,Concentrix Corporation,CNXC,
Акции,"PC Connection, Inc.",CNXN,
Акции,Capital One Financial Corporation,COF,
Акции,"ChoiceOne Financial Services, Inc.",COFS,
Акции,"Coherent, Inc.",COHR,
Акции,"Coinbase Global, Inc.",COIN,
Акции,"Coca-Cola Consolidated, Inc.",COKE,
Акции,Americold Realty Trust,COLD,
Акции,Columbia Sportswear Company,COLM,
Акции,Continental Aktiengesellschaft,CON@DE,
Акции,"The Cooper Companies, Inc.",COO,
Акции,ConocoPhillips,COP,
Акции,"CorEnergy Infrastructure Trust, Inc.",CORR,
Акции,Corcept Therapeutics Incorporated,CORT,
Акции,Costco Wholesale Corporation,COST,
Акции,Coty Inc.,COTY,
Акции,Coupa Software Incorporated,COUP,
Акции,"Coursera, Inc.",COUR,
Акции,Cowen Inc.,COWN,
Акции,Canadian Pacific Railway Limited,CP,
Акции,Campbell Soup Company,CPB,
Акции,"Coupang, Inc.",CPNG,
Акции,Capri Holdings Limited,CPRI,
Акции,"Copart, Inc.",CPRT,
Акции,Cooper-Standard Holdings Inc.,CPS,
Акции,Camden Property Trust,CPT,
Акции,Crane Co.,CR,
Акции,"Carter's, Inc.",CRI,
Акции,"Charles River Laboratories International, Inc.",CRL,
Акции,"salesforce.com, inc.",CRM,
Акции,"America’s Car-Mart, Inc.",CRMT,
Акции,Cerence Inc.,CRNC,
Акции,"Crocs, Inc.",CROX,
Акции,Carpenter Technology Corporation,CRS,
Акции,CRISPR Therapeutics AG,CRSP,
Акции,"Corsair Gaming, Inc.",CRSR,
Акции,"Cortexyme, Inc.",CRTX,
Акции,"Cirrus Logic, Inc.",CRUS,
Акции,CorVel Corporation,CRVL,
Акции,"CrowdStrike Holdings, Inc.",CRWD,
Акции,"Cisco Systems, Inc.",CSCO,
Акции,"CoStar Group, Inc.",CSGP,
Акции,"CSG Systems International, Inc.",CSGS,
Акции,"Cardiovascular Systems, Inc.",CSII,
Акции,Carlisle Companies Incorporated,CSL,
Акции,"CSW Industrials, Inc.",CSWI,
Акции,CSX Corporation,CSX,
Акции,Cintas Corporation,CTAS,
Акции,"Catalent, Inc.",CTLT,
Акции,Coterra Energy Inc.,CTRA,
Акции,Cognizant Technology Solutions Corporation,CTSH,
Акции,"Corteva, Inc.",CTVA,
Акции,"Citrix Systems, Inc.",CTXS,
Акции,CubeSmart,CUBE,
Акции,"Cavco Industries, Inc.",CVCO,
Акции,"Covetrus, Inc.",CVET,
Акции,"Calavo Growers, Inc.",CVGW,
Акции,"Commvault Systems, Inc.",CVLT,
Акции,CEL-SCI Corporation,CVM,
Акции,Carvana Co.,CVNA,
Акции,CVS Health Corporation,CVS,
Акции,Chevron Corporation,CVX,
Акции,Curtiss-Wright Corporation,CW,
Акции,"Clearway Energy, Inc.",CWEN,
Акции,"Casella Waste Systems, Inc.",CWST,
Акции,California Water Service Group,CWT,
Акции,CyberArk Software Ltd.,CYBR,
Акции,"Cryoport, Inc.",CYRX,
Акции,"Cytokinetics, Incorporated",CYTK,
Акции,"Dominion Energy, Inc.",D,
Акции,"Delta Air Lines, Inc.",DAL,
Акции,Darling Ingredients Inc.,DAR,
Акции,"DoorDash, Inc.",DASH,
Акции,Deutsche Boerse Aktiengesellschaft,DB1@DE,
Акции,Deutsche Bank Aktiengesellschaft,DBK@DE,
Акции,"Dropbox, Inc.",DBX,
Акции,"Donaldson Company, Inc.",DCI,
Акции,"Deciphera Pharmaceuticals, Inc.",DCPH,
Акции,"DuPont de Nemours, Inc.",DD,
Акции,3D Systems Corporation,DDD,
Акции,"Datadog, Inc.",DDOG,
Акции,"Dillard's, Inc.",DDS,
Акции,Deere & Company,DE,
Акции,Deckers Outdoor Corporation,DECK,
Акции,Dell Technologies Inc.,DELL,
Акции,Discover Financial Services,DFS,
Акции,Dollar General Corporation,DG,
Акции,Quest Diagnostics Incorporated,DGX,
Акции,Delivery Hero SE,DHER@DE,
Акции,"D.R. Horton, Inc.",DHI,
Акции,Danaher Corporation,DHR,
Акции,Diodes Incorporated,DIOD,
Акции,The Walt Disney Company,DIS,
Акции,"Discovery, Inc.",DISCA,
Акции,"Discovery, Inc.",DISCB,
Акции,"Discovery, Inc.",DISCK,
Акции,DISH Network Corporation,DISH,
Акции,"Delek US Holdings, Inc.",DK,
Акции,DraftKings Inc.,DKNG,
Акции,"Dick's Sporting Goods, Inc.",DKS,
Акции,"Dolby Laboratories, Inc.",DLB,
Акции,DLocal Limited,DLO,
Акции,"Digital Realty Trust, Inc.",DLR,
Акции,Duluth Holdings Inc.,DLTH,
Акции,"Dollar Tree, Inc.",DLTR,
Акции,Deluxe Corporation,DLX,
Акции,"Desktop Metal, Inc.",DM,
Облигации,DME Airport Designated Activity Company,DME0223,
Акции,"DermTech, Inc.",DMTK,
Акции,"Dun & Bradstreet Holdings, Inc.",DNB,
Акции,Denali Therapeutics Inc.,DNLI,
Акции,"Danimer Scientific, Inc.",DNMR,
Акции,NOW Inc.,DNOW,
Акции,"DigitalOcean Holdings, Inc.",DOCN,
Акции,"Doximity, Inc.",DOCS,
Акции,"DocuSign, Inc.",DOCU,
Акции,"Dorman Products, Inc.",DORM,
Акции,Dover Corporation,DOV,
Акции,Dow Inc.,DOW,
Акции,Deutsche Post AG,DPW@DE,
Акции,"Domino’s Pizza, Inc.",DPZ,
Акции,Duke Realty Corporation,DRE,
Акции,"Darden Restaurants, Inc.",DRI,
Акции,"Dril-Quip, Inc.",DRQ,
Акции,"Dynatrace, Inc.",DT,
Акции,Deutsche Telekom AG,DTE@DE,
Акции,"Duolingo, Inc.",DUOL,
Акции,"DoubleVerify Holdings, Inc.",DV,
Акции,DaVita Inc.,DVA,
Акции,Devon Energy Corporation,DVN,
Акции,Deutsche Wohnen SE,DWNI@DE,
Акции,DXC Technology Company,DXC,
Акции,"DexCom, Inc.",DXCM,
Акции,"Dycom Industries, Inc.",DY,
Акции,Electronic Arts Inc.,EA,
Акции,"Eargo, Inc.",EAR,
Акции,"Brinker International, Inc.",EAT,
Акции,eBay Inc.,EBAY,
Акции,Emergent BioSolutions Inc.,EBS,
Акции,Ecolab Inc.,ECL,
Акции,"Encore Capital Group, Inc.",ECPG,
Акции,"Consolidated Edison, Inc.",ED,
Акции,"Editas Medicine, Inc.",EDIT,
Акции,"Euronet Worldwide, Inc.",EEFT,
Акции,Equifax Inc.,EFX,
Акции,"8x8, Inc.",EGHT,
Акции,"EastGroup Properties, Inc.",EGP,
Облигации,The Arab Republic of Egypt,EGPT0329,
Облигации,The Arab Republic of Egypt,EGPT0431,
Акции,"Eagle Pharmaceuticals, Inc.",EGRX,
Акции,"eHealth, Inc.",EHTH,
Акции,Edison International,EIX,
Акции,The Estee Lauder Companies Inc.,EL,
Акции,Elanco Animal Health Incorporated,ELAN,
Акции,"Equity LifeStyle Properties, Inc.",ELS,
Акции,"EMCOR Group, Inc.",EME,
Акции,Eastman Chemical Company,EMN,
Акции,Emerson Electric Co.,EMR,
Акции,Endo International PLC,ENDP,
Акции,"Enphase Energy, Inc.",ENPH,
Акции,"Energizer Holdings, Inc.",ENR,
Акции,EnerSys,ENS,
Акции,"The Ensign Group, Inc.",ENSG,
Акции,"Enanta Pharmaceuticals, Inc.",ENTA,
Акции,"Entegris, Inc.",ENTG,
Акции,"Envestnet, Inc.",ENV,
Акции,E.ON SE,EOAN@DE,
Акции,"EOG Resources, Inc.",EOG,
Акции,"EPAM Systems, Inc.",EPAM,
Акции,"Bottomline Technologies (de), Inc.",EPAY,
Акции,Edgewell Personal Care Company,EPC,
Акции,"Equinix, Inc.",EQIX,
Акции,EQT Corporation,EQT,
Акции,Erie Indemnity Company,ERIE,
Акции,Eversource Energy,ES,
Акции,ESCO Technologies Inc.,ESE,
Акции,"Esperion Therapeutics, Inc.",ESPR,
Акции,"Essex Property Trust, Inc.",ESS,
Акции,Elastic N.V.,ESTC,
Акции,Energy Transfer LP,ET,
Акции,Eaton Corporation plc,ETN,
Акции,Entergy Corporation,ETR,
Акции,Equitrans Midstream Corporation,ETRN,
Акции,"Etsy, Inc.",ETSY,
Акции,"Everbridge, Inc.",EVBG,
Акции,"EverQuote, Inc.",EVER,
Акции,"Evolent Health, Inc.",EVH,
Акции,Evonik Industries AG,EVK@DE,
Акции,Evercore Inc.,EVR,
Акции,"Evergy, Inc.",EVRG,
Облигации,EVRAZ plc,EVRZ0323,
Акции,Evotec SE,EVT@DE,
Акции,Edwards Lifesciences Corporation,EW,
Акции,"East West Bancorp, Inc.",EWBC,
Акции,Exact Sciences Corporation,EXAS,
Акции,Exelon Corporation,EXC,
Акции,"Exelixis, Inc.",EXEL,
Акции,"ExlService Holdings, Inc.",EXLS,
Акции,Eagle Materials Inc.,EXP,
Акции,"Expeditors International of Washington, Inc.",EXPD,
Акции,"Expedia Group, Inc.",EXPE,
Акции,"eXp World Holdings, Inc.",EXPI,
Акции,"Exponent, Inc.",EXPO,
Акции,Extra Space Storage Inc.,EXR,
Акции,"National Vision Holdings, Inc.",EYE,
Акции,Ford Motor Company,F,
Акции,"Diamondback Energy, Inc.",FANG,
Акции,"FARO Technologies, Inc.",FARO,
Акции,Fastenal Company,FAST,
Акции,"Fate Therapeutics, Inc.",FATE,
Акции,"Meta Platforms, Inc.",FB,
Акции,"Fortune Brands Home & Security, Inc.",FBHS,
Акции,"FirstCash Holdings, Inc.",FCFS,
Акции,"FTI Consulting, Inc.",FCN,
Акции,"First Citizens BancShares, Inc.",FCNCA,
Акции,Freeport-McMoRan Inc.,FCX,
Акции,FactSet Research Systems Inc.,FDS,
Акции,FedEx Corporation,FDX,
Акции,FirstEnergy Corp.,FE,
Акции,"Franklin Electric Co., Inc.",FELE,
Акции,"First Financial Bankshares, Inc.",FFIN,
Акции,"F5, Inc.",FFIV,
Акции,"FibroGen, Inc.",FGEN,
Акции,Fair Isaac Corporation,FICO,
Акции,"FIGS, Inc.",FIGS,
Акции,"Fidelity National Information Services, Inc.",FIS,
Акции,"Fiserv, Inc.",FISV,
Акции,Fifth Third Bancorp,FITB,
Акции,"Five Below, Inc.",FIVE,
Депозитарные расписки,The Bank of New York Mellon,FIVE@GS,
Акции,"Five9, Inc.",FIVN,
Депозитарные расписки,The Bank of New York Mellon,FIXP,
Акции,National Beverage Corp.,FIZZ,
Акции,"Foot Locker, Inc.",FL,
Акции,"Fulgent Genetics, Inc.",FLGT,
Акции,"Flowers Foods, Inc.",FLO,
Акции,"SPX FLOW, Inc.",FLOW,
Акции,Fluor Corporation,FLR,
Акции,Flowserve Corporation,FLS,
Акции,"FleetCor Technologies, Inc.",FLT,
Акции,"1-800-FLOWERS.COM, Inc.",FLWS,
Акции,FMC Corporation,FMC,
Акции,Fresenius Medical Care AG & Co. KGaA,FME@DE,
Акции,"Floor & Decor Holdings, Inc.",FND,
Акции,"Fidelity National Financial, Inc.",FNF,
Акции,"Funko, Inc.",FNKO,
Акции,Focus Financial Partners Inc.,FOCS,
Акции,Ferro Corporation,FOE,
Акции,"Amicus Therapeutics, Inc.",FOLD,
Акции,"FormFactor, Inc.",FORM,
Акции,"Forrester Research, Inc.",FORR,
Акции,Fox Corporation,FOX,
Акции,Fox Corporation,FOXA,
Акции,Fox Factory Holding Corp.,FOXF,
Акции,"First Industrial Realty Trust, Inc.",FR,
Акции,Fresenius SE & Co. KGaA,FRE@DE,
Акции,Freedom Holding Corp.,FRHC,
Акции,First Merchants Corporation,FRME,
Акции,JFrog Ltd.,FROG,
Акции,"FRP Holdings, Inc.",FRPH,
Акции,"Freshpet, Inc.",FRPT,
Акции,"First Solar, Inc.",FSLR,
Акции,"Fastly, Inc.",FSLY,
Акции,Fisker Inc.,FSR,
Акции,Farfetch Limited,FTCH,
Акции,"FTC Solar, Inc.",FTCI,
Акции,"Frontdoor, Inc.",FTDR,
Акции,TechnipFMC plc,FTI,
Акции,"Fortinet, Inc.",FTNT,
Акции,Fortive Corporation,FTV,
Акции,H.B. Fuller Company,FUL,
Акции,"Fulcrum Therapeutics, Inc.",FULC,
Акции,Fiverr International Ltd.,FVRR,
Акции,Forward Air Corporation,FWRD,
Акции,Genpact Limited,G,
Акции,GATX Corporation,GATX,
Облигации,Gaz Capital S.A.,GAZP0327,
Облигации,Gaz Capital S.A.,GAZP0837,
Облигации,Gaz Capital S.A.,GAZP1124,
Акции,"Glacier Bancorp, Inc.",GBCI,
Акции,"Global Blood Therapeutics, Inc.",GBT,
Акции,"The Greenbrier Companies, Inc.",GBX,
Акции,Genesco Inc.,GCO,
Акции,GCP Applied Technologies Inc.,GCP,
Акции,General Dynamics Corporation,GD,
Акции,GoDaddy Inc.,GDDY,
Акции,Nexters Inc.,GDEV,
Акции,Green Dot Corporation,GDOT,
Акции,"GoodRx Holdings, Inc.",GDRX,
Акции,General Electric Company,GE,
Акции,"Greif, Inc.",GEF,
Акции,"Gevo, Inc.",GEVO,
Акции,Graco Inc.,GGG,
Акции,"Guardant Health, Inc.",GH,
Акции,Graham Holdings Company,GHC,
Акции,"GILEAD SCIENCES, INC.",GILD,
Акции,"General Mills, Inc.",GIS,
Акции,Glaukos Corporation,GKOS,
Акции,Globe Life Inc.,GL,
Акции,Global-E Online Ltd.,GLBE,
Акции,Globant S.A.,GLOB,
Акции,"Gaming and Leisure Properties, Inc.",GLPI,
Облигации,Global Ports (Finance) PLC,GLPR0923,
Депозитарные расписки,"Citibank, N.A.",GLTR@GS,
Акции,Corning Incorporated,GLW,
Акции,General Motors Company,GM,
Акции,"Globus Medical, Inc.",GMED,
Облигации,MMC Finance Designated Activity Company,GMKN0423,
Облигации,MMC Finance Designated Activity Company,GMKN1022,
Акции,GMS Inc.,GMS,
Акции,"Global Net Lease, Inc.",GNL,
Акции,Generac Holdings Inc.,GNRC,
Акции,Gentex Corporation,GNTX,
Акции,Grocery Outlet Holding Corp.,GO,
Акции,Barrick Gold Corporation,GOLD,
Акции,Alphabet Inc.,GOOG,
Акции,Alphabet Inc.,GOOGL,
Акции,"Gossamer Bio, Inc.",GOSS,
Акции,Genuine Parts Company,GPC,
Акции,"Group 1 Automotive, Inc.",GPI,
Акции,Graphic Packaging Holding Company,GPK,
Акции,Global Payments Inc.,GPN,
Акции,"GoPro, Inc.",GPRO,
Акции,"The Gap, Inc.",GPS,
Акции,Garmin Ltd.,GRMN,
Акции,"Graphite Bio, Inc.",GRPH,
Депозитарные расписки,Deutsche Bank Trust Company Americas,GRUB,
Акции,"The Goldman Sachs Group, Inc.",GS,
Акции,"Goosehead Insurance, Inc.",GSHD,
Акции,"GreenSky, Inc.",GSKY,
Акции,The Goodyear Tire & Rubber Company,GT,
Акции,"G1 Therapeutics, Inc.",GTHX,
Акции,GitLab Inc.,GTLB,
Акции,"Chart Industries, Inc.",GTLS,
Акции,"Gray Television, Inc.",GTN,
Акции,Garrett Motion Inc.,GTX,
Акции,Granite Construction Incorporated,GVA,
Акции,"Guidewire Software, Inc.",GWRE,
Акции,"W.W. Grainger, Inc.",GWW,
Акции,"GXO Logistics, Inc.",GXO,
Акции,Hyatt Hotels Corporation,H,
Акции,"Hawaiian Holdings, Inc.",HA,
Акции,Haemonetics Corporation,HAE,
Акции,"The Hain Celestial Group, Inc.",HAIN,
Акции,Halliburton Company,HAL,
Акции,"Halozyme Therapeutics, Inc.",HALO,
Акции,"Hasbro, Inc.",HAS,
Акции,"Hannon Armstrong Sustainable Infrastructure Capital, Inc.",HASI,
Акции,Huntington Bancshares Incorporated,HBAN,
Акции,Hanesbrands Inc.,HBI,
Акции,"HCA Healthcare, Inc.",HCA,
Акции,"Health Catalyst, Inc.",HCAT,
Акции,"Heritage-Crystal Clean, Inc.",HCCI,
Акции,"Healthcare Services Group, Inc.",HCSG,
Акции,"The Home Depot, Inc.",HD,
Акции,"Hawaiian Electric Industries, Inc.",HE,
Акции,Turtle Beach Corporation,HEAR,
Акции,HEICO Corporation,HEI,
Акции,HeidelbergCement AG,HEI@DE,
Акции,Henkel AG & Co. KGaA,HEN3@DE,
Акции,Hess Corporation,HES,
Акции,Hilton Grand Vacations Inc.,HGV,
Акции,The Howard Hughes Corporation,HHC,
Депозитарные расписки,"JPMorgan Chase Bank, N.A.",HHR,
Акции,"Hibbett, Inc.",HIBB,
Акции,"The Hartford Financial Services Group, Inc.",HIG,
Акции,"Huntington Ingalls Industries, Inc.",HII,
Акции,"Houlihan Lokey, Inc.",HLI,
Акции,Hamilton Lane Incorporated,HLNE,
Акции,Hilton Worldwide Holdings Inc.,HLT,
Депозитарные расписки,The Bank of New York Mellon,HNP,
Акции,"Harley-Davidson, Inc.",HOG,
Акции,"Hologic, Inc.",HOLX,
Акции,Honeywell International Inc.,HON,
Акции,"Robinhood Markets, Inc.",HOOD,
Акции,HOCHTIEF Aktiengesellschaft,HOT@DE,
Акции,"Helmerich & Payne, Inc.",HP,
Акции,Hewlett Packard Enterprise Company,HPE,
Акции,HP Inc.,HPQ,
Акции,"HealthEquity, Inc.",HQY,
Акции,"H&R Block, Inc.",HRB,
Акции,Hormel Foods Corporation,HRL,
Акции,"Heron Therapeutics, Inc.",HRTX,
Акции,Harsco Corporation,HSC,
Акции,"Henry Schein, Inc.",HSIC,
Акции,Heska Corporation,HSKA,
Акции,"Host Hotels & Resorts, Inc.",HST,
Акции,The Hershey Company,HSY,
Акции,"Healthcare Trust of America, Inc.",HTA,
Депозитарные расписки,"Citibank, N.A.",HTHT,
Акции,Hubbell Incorporated,HUBB,
Акции,"Hub Group, Inc.",HUBG,
Акции,"HubSpot, Inc.",HUBS,
Акции,Humana Inc.,HUM,
Акции,Huntsman Corporation,HUN,
Акции,Huron Consulting Group Inc.,HURN,
Акции,Howmet Aerospace Inc.,HWM,
Акции,Hexcel Corporation,HXL,
Акции,Hyliion Holdings Corp.,HYLN,
Акции,"IAA, Inc.",IAA,
Акции,IAC/InterActiveCorp,IAC,
Акции,Integra LifeSciences Holdings Corporation,IART,
Акции,"Interactive Brokers Group, Inc.",IBKR,
Акции,International Business Machines Corporation,IBM,
Депозитарные расписки,Deutsche Bank Trust Company Americas,IBN,
Акции,"Installed Building Products, Inc.",IBP,
Акции,"Independent Bank Group, Inc.",IBTX,
Акции,"Intercontinental Exchange, Inc.",ICE,
Акции,"ICF International, Inc.",ICFI,
Акции,ICON public limited company,ICLR,
Акции,"Intercept Pharmaceuticals, Inc.",ICPT,
Акции,"ICU Medical, Inc.",ICUI,
Акции,"IDACORP, Inc.",IDA,
Акции,"InterDigital, Inc.",IDCC,
Акции,"IDEXX Laboratories, Inc.",IDXX,
Акции,IDEX Corporation,IEX,
Акции,International Flavors & Fragrances Inc.,IFF,
Акции,Infineon Technologies AG,IFX@DE,
Акции,"IGM Biosciences, Inc.",IGMS,
Акции,"Innovative Industrial Properties, Inc.",IIPR,
Акции,II-VI Incorporated,IIVI,
Акции,"Illumina, Inc.",ILMN,
Акции,Incyte Corporation,INCY,
Акции,Independent Bank Corp.,INDB,
Акции,"Inogen, Inc.",INGN,
Акции,Ingredion Incorporated,INGR,
Акции,InMode Ltd.,INMD,
Акции,"Inovio Pharmaceuticals, Inc.",INO,
Акции,Inseego Corp.,INSG,
Акции,"Inspire Medical Systems, Inc.",INSP,
Акции,Intel Corporation,INTC,
Акции,Intuit Inc.,INTU,
Акции,Invitation Homes Inc.,INVH,
Акции,"Ionis Pharmaceuticals, Inc.",IONS,
Акции,Innospec Inc.,IOSP,
Акции,"Iovance Biotherapeutics, Inc.",IOVA,
Акции,International Paper Company,IP,
Акции,"Inter Parfums, Inc.",IPAR,
Акции,"The Interpublic Group of Companies, Inc.",IPG,
Акции,IPG Photonics Corporation,IPGP,
Акции,IQVIA Holdings Inc.,IQV,
Акции,Ingersoll Rand Inc.,IR,
Акции,iRobot Corporation,IRBT,
Акции,Iridium Communications Inc.,IRDM,
Акции,Iron Mountain Incorporated,IRM,
Акции,"iRhythm Technologies, Inc.",IRTC,
Облигации,Turkiye Is Bankasi A.S.,ISBNK0424,
Акции,"Intuitive Surgical, Inc.",ISRG,
Акции,"Gartner, Inc.",IT,
Акции,"Intra-Cellular Therapies, Inc.",ITCI,
Акции,Integer Holdings Corporation,ITGR,
Акции,"Itron, Inc.",ITRI,
Акции,ITT Inc.,ITT,
Акции,Illinois Tool Works Inc.,ITW,
Акции,Invesco Ltd.,IVZ,
Акции,Jacobs Engineering Group Inc.,J,
Акции,Jack in the Box Inc.,JACK,
Акции,"J.B. Hunt Transport Services, Inc.",JBHT,
Акции,Jabil Inc.,JBL,
Акции,"John B. Sanfilippo & Son, Inc.",JBSS,
Акции,John Bean Technologies Corporation,JBT,
Акции,Johnson Controls International plc,JCI,
Депозитарные расписки,Deutsche Bank Trust Company Americas,JD,
Акции,Jefferies Financial Group Inc.,JEF,
Акции,"JELD-WEN Holding, Inc.",JELD,
Акции,Janus Henderson Group plc,JHG,
Акции,J & J Snack Foods Corp.,JJSF,
Акции,"Jack Henry & Associates, Inc.",JKHY,
Акции,Jones Lang LaSalle Incorporated,JLL,
Акции,Johnson & Johnson,JNJ,
Акции,"Juniper Networks, Inc.",JNPR,
Депозитарные расписки,"JPMorgan Chase Bank, N.A.",JOBS,
Акции,Johnson Outdoors Inc.,JOUT,
Акции,JPMorgan Chase & Co.,JPM,
Акции,"Nordstrom, Inc.",JWN,
Акции,Kellogg Company,K,
Акции,Kadant Inc.,KAI,
Акции,Kaiser Aluminum Corporation,KALU,
Депозитарные расписки,"Citibank, N.A.",KAP@GS,
Акции,KB Home,KBH,
Акции,Kcell Joint Stock Company,KCEL,
Акции,"Kyndryl Holdings, Inc.",KD,
Акции,Keurig Dr Pepper Inc.,KDP,
Депозитарные расписки,"Citibank, N.A.",KEP,
Акции,Kirby Corporation,KEX,
Акции,KeyCorp,KEY,
Акции,"Keysight Technologies, Inc.",KEYS,
Акции,Korn Ferry,KFY,
Акции,The Kraft Heinz Company,KHC,
Акции,OrthoPediatrics Corp.,KIDS,
Акции,Kimco Realty Corporation,KIM,
Акции,KKR & Co. Inc.,KKR,
Акции,KLA Corporation,KLAC,
Акции,"Kulicke and Soffa Industries, Inc.",KLIC,
Акции,Kimberly-Clark Corporation,KMB,
Акции,"Kinder Morgan, Inc.",KMI,
Акции,Kemper Corporation,KMPR,
Акции,Kennametal Inc.,KMT,
Акции,"CarMax, Inc.",KMX,
Акции,"KnowBe4, Inc.",KNBE,
Акции,"Kinsale Capital Group, Inc.",KNSL,
Акции,Knight-Swift Transportation Holdings Inc.,KNX,
Акции,THE COCA-COLA COMPANY,KO,
Акции,Kodiak Sciences Inc.,KOD,
Акции,Kopin Corporation,KOPN,
Акции,The Kroger Co.,KR,
Акции,Kilroy Realty Corporation,KRC,
Акции,Kite Realty Group Trust,KRG,
Акции,"Karuna Therapeutics, Inc.",KRTX,
Акции,"Krystal Biotech, Inc.",KRYS,
Депозитарные расписки,The Bank of New York Mellon,KSPI@GS,
Акции,"Kontoor Brands, Inc.",KTB,
Акции,"Kratos Defense & Security Solutions, Inc.",KTOS,
Акции,Quaker Chemical Corporation,KWR,
Акции,Loews Corporation,L,
Акции,Lithium Americas Corp.,LAC,
Акции,"Lithia Motors, Inc.",LAD,
Акции,Lancaster Colony Corporation,LANC,
Акции,"nLIGHT, Inc.",LASR,
Акции,"Luminar Technologies, Inc.",LAZR,
Акции,Liberty Broadband Corporation,LBRDK,
Акции,"Lucid Group, Inc.",LCID,
Акции,LCI Industries,LCII,
Акции,"Leidos Holdings, Inc.",LDOS,
Акции,Lear Corporation,LEA,
Акции,"Lincoln Electric Holdings, Inc.",LECO,
Акции,"Leggett & Platt, Incorporated",LEG,
Акции,Legacy Housing Corporation,LEGH,
Акции,Lennar Corporation,LEN,
Акции,Levi Strauss & Co.,LEVI,
Депозитарные расписки,Deutsche Bank Trust Company Americas,LFC,
Акции,"LifeStance Health Group, Inc.",LFST,
Акции,"Littelfuse, Inc.",LFUS,
Акции,"LGI Homes, Inc.",LGIH,
Акции,Ligand Pharmaceuticals Incorporated,LGND,
Акции,Laboratory Corporation of America Holdings,LH,
Акции,Deutsche Lufthansa Aktiengesellschaft,LHA@DE,
Акции,"LHC Group, Inc.",LHCG,
Акции,"L3Harris Technologies, Inc.",LHX,
Депозитарные расписки,Deutsche Bank Trust Company Americas,LI,
Акции,Lennox International Inc.,LII,
Акции,Linde plc,LIN,
Акции,Lumentum Holdings Inc.,LITE,
Депозитарные расписки,"Citibank, N.A.",LKOD@GS,
Акции,LKQ Corporation,LKQ,
Акции,Eli Lilly and Company,LLY,
Акции,Lockheed Martin Corporation,LMT,
Акции,Lindsay Corporation,LNN,
Акции,Alliant Energy Corporation,LNT,
Акции,"Lantheus Holdings, Inc.",LNTH,
Акции,Logitech International S.A.,LOGI,
Акции,"Grand Canyon Education, Inc.",LOPE,
Акции,"Lowe's Companies, Inc.",LOW,
Депозитарные расписки,"Citibank, N.A.",LPL,
Акции,LPL Financial Holdings Inc.,LPLA,
Акции,Open Lending Corporation,LPRO,
Акции,"LivePerson, Inc.",LPSN,
Акции,Louisiana-Pacific Corporation,LPX,
Акции,Lam Research Corporation,LRCX,
Акции,"Stride, Inc.",LRN,
Акции,Lattice Semiconductor Corporation,LSCC,
Акции,"Life Storage, Inc.",LSI,
Акции,Lightspeed Commerce Inc.,LSPD,
Акции,"Landstar System, Inc.",LSTR,
Акции,Livent Corporation ,LTHM,
Облигации,LUKOIL International Finance B.V.,LUK0423,
Облигации,LUKOIL International Finance B.V.,LUK1126,
Акции,lululemon athletica inc.,LULU,
Акции,"Lumen Technologies, Inc.",LUMN,
Акции,Southwest Airlines Co.,LUV,
Акции,Las Vegas Sands Corp.,LVS,
Акции,"Lamb Weston Holdings, Inc.",LW,
Акции,LyondellBasell Industries N.V.,LYB,
Акции,"Lyft, Inc.",LYFT,
Акции,Loyalty Ventures Inc.,LYLT,
Акции,"Live Nation Entertainment, Inc.",LYV,
Акции,"Macy's, Inc.",M,
Акции,Mastercard Incorporated,MA,
Акции,"Mid-America Apartment Communities, Inc.",MAA,
Акции,The Macerich Company,MAC,
Акции,ManpowerGroup Inc.,MAN,
Акции,"Manhattan Associates, Inc.",MANH,
Акции,ManTech International Corporation,MANT,
Акции,Manchester United plc,MANU,
Акции,"Marriott International, Inc.",MAR,
Акции,"Marathon Digital Holdings, Inc.",MARA,
Акции,Masco Corporation,MAS,
Акции,Masimo Corporation,MASI,
Акции,"Mattel, Inc.",MAT,
Акции,"Matson, Inc.",MATX,
Депозитарные расписки,"JPMorgan Chase Bank, N.A.",MBT,
Акции,"Malibu Boats, Inc.",MBUU,
Акции,Moelis & Company,MC,
Акции,McDonald's Corporation,MCD,
Акции,Microchip Technology Incorporated,MCHP,
Акции,McKesson Corporation,MCK,
Акции,Moody's Corporation,MCO,
Акции,"Monarch Casino & Resort, Inc.",MCRI,
Акции,"MEDNAX, Inc.",MD,
Акции,"MongoDB, Inc.",MDB,
Акции,"M.D.C. Holdings, Inc.",MDC,
Акции,"Madrigal Pharmaceuticals, Inc.",MDGL,
Акции,"Mondelez International, Inc.",MDLZ,
Акции,"Allscripts Healthcare Solutions, Inc.",MDRX,
Акции,Medtronic Public Limited Company,MDT,
Акции,"MDU Resources Group, Inc.",MDU,
Акции,"Medifast, Inc.",MED,
Акции,"Medpace Holdings, Inc.",MEDP,
Акции,"Methode Electronics, Inc.",MEI,
Акции,"MercadoLibre, Inc.",MELI,
Акции,"MetLife, Inc.",MET,
Депозитарные расписки,Deutsche Bank Trust Company Americas,MFGP,
Акции,Magna International Inc.,MGA,
Акции,MGM Resorts International,MGM,
Депозитарные расписки,"JPMorgan Chase Bank, N.A.",MGNT@GS,
Акции,"MGP Ingredients, Inc.",MGPI,
Акции,McGrath RentCorp,MGRC,
Акции,Magnolia Oil & Gas Corporation,MGY,
Акции,"Mohawk Industries, Inc.",MHK,
Акции,"M/I Homes, Inc.",MHO,
Акции,The Middleby Corporation,MIDD,
Акции,Mimecast Limited,MIME,
Акции,"McCormick & Company, Incorporated",MKC,
Акции,Markel Corporation,MKL,
Акции,"MKS Instruments, Inc.",MKSI,
Акции,MarketAxess Holdings Inc.,MKTX,
Акции,"Mesa Laboratories, Inc.",MLAB,
Депозитарные расписки,Deutsche Bank Trust Company Americas,MLCO,
Акции,"MillerKnoll, Inc.",MLKN,
Акции,"Martin Marietta Materials, Inc.",MLM,
Акции,"Marsh & McLennan Companies, Inc.",MMC,
Акции,"Marcus & Millichap, Inc.",MMI,
Акции,3M Company,MMM,
Акции,"MAXIMUS, Inc.",MMS,
Акции,"Merit Medical Systems, Inc.",MMSI,
Акции,monday.com Ltd.,MNDY,
Акции,"Monro, Inc.",MNRO,
Акции,Monster Beverage Corporation,MNST,
Акции,"Altria Group, Inc.",MO,
Акции,ModivCare Inc.,MODV,
Акции,"Molina Healthcare, Inc.",MOH,
Депозитарные расписки,Deutsche Bank Trust Company Americas,MOMO,
Акции,"Morningstar, Inc.",MORN,
Акции,The Mosaic Company,MOS,
Акции,"Movado Group, Inc.",MOV,
Акции,MP Materials Corp.,MP,
Акции,Marathon Petroleum Corporation,MPC,
Акции,"Medical Properties Trust, Inc.",MPW,
Акции,"Monolithic Power Systems, Inc.",MPWR,
Акции,"Marqeta, Inc.",MQ,
Акции,MRC Global Inc.,MRC,
Акции,"Merck & Co., Inc.",MRK,
Акции,MERCK Kommanditgesellschaft auf Aktien,MRK@DE,
Акции,"Moderna, Inc.",MRNA,
Акции,Marathon Oil Corporation,MRO,
Акции,"Mirati Therapeutics, Inc.",MRTX,
Акции,"Maravai LifeSciences Holdings, Inc.",MRVI,
Акции,"Marvell Technology, Inc.",MRVL,
Акции,Morgan Stanley,MS,
Акции,MSA Safety Incorporated,MSA,
Акции,MSCI Inc.,MSCI,
Акции,Middlesex Water Company,MSEX,
Акции,Microsoft Corporation,MSFT,
Акции,Madison Square Garden Entertainment Corp.,MSGE,
Акции,Madison Square Garden Sports Corp.,MSGS,
Акции,"Motorola Solutions, Inc.",MSI,
Акции,"MSC Industrial Direct Co., Inc.",MSM,
Акции,MicroStrategy Incorporated,MSTR,
Акции,M&T Bank Corporation,MTB,
Акции,"Match Group, Inc.",MTCH,
Акции,Mettler-Toledo International Inc.,MTD,
Акции,MGIC Investment Corporation,MTG,
Акции,Meritage Homes Corporation,MTH,
Акции,"Vail Resorts, Inc.",MTN,
Акции,"Meritor, Inc.",MTOR,
Акции,Materion Corporation,MTRN,
Акции,"Matterport, Inc.",MTTR,
Акции,Minerals Technologies Inc.,MTX,
Акции,MTU Aero Engines AG,MTX@DE,
Акции,"Micron Technology, Inc.",MU,
Акции,Murphy Oil Corporation,MUR,
Акции,Murphy USA Inc.,MUSA,
Акции,Munchener Ruckversicherungs-Gesellschaft Aktiengesellschaft in Munchen,MUV2@DE,
Акции,"MicroVision, Inc.",MVIS,
Акции,"MaxLinear, Inc.",MXL,
Акции,"Myriad Genetics, Inc.",MYGN,
Акции,MYR Group Inc.,MYRG,
Акции,"N-able, Inc.",NABL,
Акции,"Inari Medical, Inc.",NARI,
Акции,National Instruments Corporation,NATI,
Акции,Navient Corporation,NAVI,
Акции,"Neurocrine Biosciences, Inc.",NBIX,
Акции,"Nicolet Bankshares, Inc.",NCBS,
Акции,"nCino, Inc.",NCNO,
Акции,NCR Corporation,NCR,
Акции,"Nasdaq, Inc.",NDAQ,
Акции,Nordson Corporation,NDSN,
Акции,"NextEra Energy, Inc.",NEE,
Акции,Newmont Corporation,NEM,
Акции,"NeoGenomics, Inc.",NEO,
Акции,Neogen Corporation,NEOG,
Акции,"Cloudflare, Inc.",NET,
Акции,NewMarket Corporation,NEU,
Акции,"New Relic, Inc.",NEWR,
Акции,New Fortress Energy Inc.,NFE,
Акции,National Fuel Gas Company,NFG,
Акции,"Netflix, Inc.",NFLX,
Акции,Ingevity Corporation,NGVT,
Акции,New Jersey Resources Corporation,NJR,
Акции,"NIKE, Inc.",NKE,
Акции,Nikola Corporation,NKLA,
Акции,Nektar Therapeutics,NKTR,
Депозитарные расписки,Deutsche Bank Trust Company Americas,NLMK@GS,
Акции,NortonLifeLock Inc.,NLOK,
Акции,Nielsen Holdings plc,NLSN,
Акции,"NMI Holdings, Inc.",NMIH,
Акции,Northrop Grumman Corporation,NOC,
Депозитарные расписки,"Citibank, N.A.",NOK,
Акции,NOV Inc.,NOV,
Акции,"ServiceNow, Inc.",NOW,
Акции,"Neenah, Inc.",NP,
Акции,"National Presto Industries, Inc.",NPK,
Акции,"NRG Energy, Inc.",NRG,
Акции,"Nurix Therapeutics, Inc.",NRIX,
Акции,Norfolk Southern Corporation,NSC,
Акции,"Insight Enterprises, Inc.",NSIT,
Акции,"Insperity, Inc.",NSP,
Акции,"NAPCO Security Technologies, Inc.",NSSC,
Акции,"NetApp, Inc.",NTAP,
Депозитарные расписки,The Bank of New York Mellon,NTCO,
Акции,"NetScout Systems, Inc.",NTCT,
Депозитарные расписки,The Bank of New York Mellon,NTES,
Акции,"NETGEAR, Inc.",NTGR,
Акции,"Intellia Therapeutics, Inc.",NTLA,
Акции,"Nutanix, Inc.",NTNX,
Акции,Nutrien Ltd.,NTR,
Акции,"Natera, Inc.",NTRA,
Акции,Northern Trust Corporation,NTRS,
Акции,Natus Medical Incorporated,NTUS,
Акции,Nu Holdings Ltd.,NU,
Акции,Nucor Corporation,NUE,
Акции,"Nu Skin Enterprises, Inc.",NUS,
Акции,"NuVasive, Inc.",NUVA,
Акции,"Novavax, Inc.",NVAX,
Акции,NovoCure Limited,NVCR,
Акции,NVIDIA Corporation,NVDA,
Акции,"NV5 Global, Inc.",NVEE,
Акции,"NVR, Inc.",NVR,
Акции,Nevro Corp.,NVRO,
Депозитарные расписки,"JPMorgan Chase Bank, N.A.",NVS,
Акции,Envista Holdings Corporation,NVST,
Акции,Invitae Corporation,NVTA,
Депозитарные расписки,The Bank of New York Mellon,NVTK@GS,
Акции,NorthWestern Corp,NWE,
Акции,Newell Brands Inc.,NWL,
Акции,"National Western Life Group, Inc.",NWLI,
Акции,News Corporation,NWS,
Акции,News Corporation,NWSA,
Акции,NXP Semiconductors N.V.,NXPI,
Акции,"Nexstar Media Group, Inc.",NXST,
Акции,"New York Community Bancorp, Inc.",NYCB,
Акции,The New York Times Company,NYT,
Акции,Realty Income Corporation,O,
Акции,Owens Corning,OC,
Акции,"Old Dominion Freight Line, Inc.",ODFL,
Акции,Orthofix Medical Inc.,OFIX,
Акции,OGE Energy Corp.,OGE,
Акции,Organon & Co.,OGN,
Акции,"ONE Gas, Inc.",OGS,
Депозитарные расписки,The Bank of New York Mellon,OGZD@GS,
Акции,"Omega Healthcare Investors, Inc.",OHI,
Акции,"O-I Glass, Inc.",OI,
Акции,"Oceaneering International, Inc.",OII,
Акции,"Oil States International, Inc.",OIS,
Акции,"ONEOK, Inc.",OKE,
Акции,"Okta, Inc.",OKTA,
Акции,Universal Display Corporation,OLED,
Акции,"Ollie’s Bargain Outlet Holdings, Inc.",OLLI,
Акции,Olin Corporation,OLN,
Облигации,The Sultanate of Oman,OMA0128,
Облигации,The Sultanate of Oman,OMA0148,
Акции,Omnicom Group Inc.,OMC,
Акции,"Omnicell, Inc.",OMCL,
Акции,"OneMain Holdings, Inc.",OMF,
Акции,ON Semiconductor Corporation,ON,
Акции,"1Life Healthcare, Inc.",ONEM,
Акции,Onto Innovation Inc.,ONTO,
Акции,Oracle Corporation,ORCL,
Акции,"O'Reilly Automotive, Inc.",ORLY,
Акции,"Oak Street Health, Inc.",OSH,
Акции,"OSI Systems, Inc.",OSIS,
Акции,Oshkosh Corporation,OSK,
Акции,"Overstock.com, Inc.",OSTK,
Акции,"OraSure Technologies, Inc.",OSUR,
Акции,Otis Worldwide Corporation,OTIS,
Акции,Ovintiv Inc.,OVV,
Акции,Occidental Petroleum Corporation,OXY,
Депозитарные расписки,The Bank of New York Mellon,OZON,
Акции,Pan American Silver Corp.,PAAS,
Акции,"Pacific Biosciences of California, Inc.",PACB,
Акции,"Penske Automotive Group, Inc.",PAG,
Акции,PagSeguro Digital Ltd.,PAGS,
Акции,"Palo Alto Networks, Inc.",PANW,
Акции,Paramount Global,PARA,
Акции,"UiPath, Inc.",PATH,
Акции,"Patrick Industries, Inc.",PATK,
Акции,"Paymentus Holdings, Inc.",PAY,
Акции,"Paycom Software, Inc.",PAYC,
Акции,"Paychex, Inc.",PAYX,
Акции,"Prosperity Bancshares, Inc.",PB,
Акции,Pembina Pipeline Corporation,PBA,
Акции,"People's United Financial, Inc.",PBCT,
Акции,PBF Energy Inc.,PBF,
Акции,Prestige Consumer Healthcare Inc.,PBH,
Акции,Pitney Bowes Inc.,PBI,
Акции,PACCAR Inc,PCAR,
Акции,PG&E Corporation,PCG,
Акции,"Procore Technologies, Inc. ",PCOR,
Акции,"Pacira BioSciences, Inc.",PCRX,
Акции,Paylocity Holding Corporation,PCTY,
Акции,"PagerDuty, Inc.",PD,
Акции,"Patterson Companies, Inc.",PDCO,
Акции,"Healthpeak Properties, Inc.",PEAK,
Акции,Public Service Enterprise Group Incorporated,PEG,
Акции,Pegasystems Inc.,PEGA,
Акции,"Penumbra, Inc.",PEN,
Акции,"PepsiCo, Inc.",PEP,
Акции,"PetIQ, Inc.",PETQ,
Акции,Pfizer Inc.,PFE,
Акции,"Principal Financial Group, Inc.",PFG,
Акции,Performance Food Group Company,PFGC,
Акции,"PennyMac Financial Services, Inc.",PFSI,
Акции,The Procter & Gamble Company,PG,
Акции,"Progyny, Inc.",PGNY,
Акции,The Progressive Corporation,PGR,
Акции,"PGT Innovations, Inc.",PGTI,
Акции,Parker-Hannifin Corporation,PH,
Акции,"PulteGroup, Inc.",PHM,
Депозитарные расписки,"Citibank, N.A.",PHOR@GS,
Акции,Polaris Inc.,PII,
Акции,"Premier, Inc.",PINC,
Акции,"Pinterest, Inc.",PINS,
Акции,Piper Sandler Companies,PIPR,
Акции,PJT Partners Inc.,PJT,
Акции,Packaging Corporation of America,PKG,
Акции,"PerkinElmer, Inc.",PKI,
Акции,"Anaplan, Inc.",PLAN,
Акции,"Dave & Buster's Entertainment, Inc.",PLAY,
Акции,"The Children's Place, Inc.",PLCE,
Акции,"Prologis, Inc.",PLD,
Акции,"Planet Fitness, Inc.",PLNT,
Акции,Palantir Technologies Inc.,PLTR,
Акции,Plug Power Inc.,PLUG,
Акции,ePlus inc.,PLUS,
Акции,Plexus Corp.,PLXS,
Депозитарные расписки,The Bank of New York Mellon,PLZL@GS,
Облигации,Polyus Finance Plc,PLZL0223,
Акции,Philip Morris International Inc.,PM,
Акции,"The PNC Financial Services Group, Inc.",PNC,
Акции,"Pinnacle Financial Partners, Inc.",PNFP,
Акции,"The Pennant Group, Inc.",PNTG,
Акции,Insulet Corporation,PODD,
Акции,Pool Corporation,POOL,
Акции,Portland General Electric Company,POR,
Акции,"Poshmark, Inc.",POSH,
Акции,"Post Holdings, Inc.",POST,
Акции,"Power Integrations, Inc.",POWI,
Акции,Pilgrim’s Pride Corporation,PPC,
Акции,"PPG Industries, Inc.",PPG,
Акции,PPL Corporation,PPL,
Акции,"PRA Group, Inc.",PRAA,
Акции,"Praxis Precision Medicines, Inc.",PRAX,
Акции,"Perficient, Inc.",PRFT,
Акции,"PROG Holdings, Inc.",PRG,
Акции,Progress Software Corporation,PRGS,
Акции,"Primerica, Inc.",PRI,
Акции,"Proto Labs, Inc.",PRLB,
Акции,Prothena Corporation Public Limited Company,PRTA,
Акции,"CarParts.com, Inc.",PRTS,
Акции,"Prudential Financial, Inc.",PRU,
Акции,Public Storage,PSA,
Акции,"PriceSmart, Inc.",PSMT,
Акции,Parsons Corporation,PSN,
Акции,"Pure Storage, Inc.",PSTG,
Акции,Phillips 66,PSX,
Акции,PTC Inc.,PTC,
Акции,"PTC Therapeutics, Inc.",PTCT,
Акции,"Peloton Interactive, Inc.",PTON,
Депозитарные расписки,The Bank of New York Mellon,PTR,
Акции,"PubMatic, Inc.",PUBM,
Акции,Puma SE,PUM@DE,
Акции,ProPetro Holding Corp.,PUMP,
Акции,PVH Corp.,PVH,
Акции,"Quanta Services, Inc.",PWR,
Акции,Pioneer Natural Resources Company,PXD,
Акции,"PayPal Holdings, Inc.",PYPL,
Акции,"Papa John's International, Inc.",PZZA,
Акции,QUALCOMM Incorporated,QCOM,
Акции,Quidel Corporation,QDEL,
Акции,QIAGEN N.V. ,QGEN,
Акции,"Qualys, Inc.",QLYS,
Акции,"QuinStreet, Inc.",QNST,
Акции,"Qurate Retail, Inc.",QRTEA,
Акции,"Qorvo, Inc.",QRVO,
Акции,QuantumScape Corporation,QS,
Акции,"Q2 Holdings, Inc.",QTWO,
Акции,Quotient Technology Inc.,QUOT,
Акции,"Ryder System, Inc.",R,
Акции,Ferrari N.V.,RACE,
Акции,"LiveRamp Holdings, Inc.",RAMP,
Акции,Ultragenyx Pharmaceutical Inc.,RARE,
Акции,Roblox Corporation,RBLX,
Акции,"Rent-A-Center, Inc.",RCII,
Акции,Royal Caribbean Cruises Ltd.,RCL,
Акции,"Arcus Biosciences, Inc.",RCUS,
Акции,Redfin Corporation,RDFN,
Депозитарные расписки,"JPMorgan Chase Bank, N.A.",RDY,
Акции,"Everest Re Group, Ltd.",RE,
Акции,Regency Centers Corporation,REG,
Акции,"Renewable Energy Group, Inc.",REGI,
Акции,"Regeneron Pharmaceuticals, Inc.",REGN,
Акции,"Reata Pharmaceuticals, Inc.",RETA,
Акции,REX American Resources Corporation,REX,
Акции,Reynolds Consumer Products Inc.,REYN,
Акции,"Resideo Technologies, Inc.",REZI,
Акции,Regions Financial Corporation,RF,
Акции,"Reinsurance Group of America, Incorporated",RGA,
Акции,Repligen Corporation,RGEN,
Акции,"Royal Gold, Inc.",RGLD,
Акции,REGENXBIO Inc.,RGNX,
Акции,"Sturm, Ruger & Company, Inc.",RGR,
Акции,RH,RH,
Акции,Robert Half International Inc.,RHI,
Акции,Rheinmetall Aktiengesellschaft,RHM@DE,
Акции,Lordstown Motors Corp.,RIDE,
Акции,Transocean Ltd.,RIG,
Акции,"Riot Blockchain, Inc.",RIOT,
Акции,"Rivian Automotive, Inc.",RIVN,
Акции,"Raymond James Financial, Inc.",RJF,
Акции,"Rocket Lab USA, Inc.",RKLB,
Акции,Ralph Lauren Corporation,RL,
Акции,ResMed Inc.,RMD,
Акции,"RingCentral, Inc.",RNG,
Акции,RenaissanceRe Holdings Ltd.,RNR,
Акции,"Gibraltar Industries, Inc.",ROCK,
Акции,Rogers Corporation,ROG,
Акции,"Rockwell Automation, Inc.",ROK,
Акции,"Roku, Inc.",ROKU,
Акции,"Rollins, Inc.",ROL,
Акции,RBC Bearings Incorporated,ROLL,
Акции,"Roper Technologies, Inc.",ROP,
Акции,"Ross Stores, Inc.",ROST,
Акции,"Rapid7, Inc.",RPD,
Акции,RPM International Inc.,RPM,
Акции,"Red River Bancshares, Inc.",RRBI,
Акции,Range Resources Corporation,RRC,
Акции,"Red Robin Gourmet Burgers, Inc.",RRGB,
Акции,"Red Rock Resorts, Inc.",RRR,
Акции,Regal Rexnord Corporation,RRX,
Акции,Reliance Steel & Aluminum Co.,RS,
Акции,"Republic Services, Inc.",RSG,
Акции,Riskified Ltd.,RSKD,
Акции,Raytheon Technologies Corporation,RTX,
Акции,Sunrun Inc.,RUN,
Облигации,Министерство финансов Российской Федерации,RUS0628,
Акции,"Revolve Group, Inc.",RVLV,
Акции,RWE Aktiengesellschaft,RWE@DE,
Акции,"Recursion Pharmaceuticals, Inc.",RXRX,
Акции,Royal Bank of Canada,RY,
Акции,Rayonier Inc.,RYN,
Акции,"Rhythm Pharmaceuticals, Inc.",RYTM,
Облигации,RZD Capital P.L.C.,RZD0527,
Акции,"SentinelOne, Inc.",S,
Акции,"Sanderson Farms, Inc.",SAFM,
Акции,"Sage Therapeutics, Inc.",SAGE,
Акции,"Saia, Inc.",SAIA,
Акции,Science Applications International Corporation,SAIC,
Акции,"SailPoint Technologies Holdings, Inc.",SAIL,
Акции,"The Boston Beer Company, Inc.",SAM,
Депозитарные расписки,Deutsche Bank Trust Company Americas,SAP,
Акции,SAP SE,SAP@DE,
Акции,EchoStar Corporation,SATS,
Акции,"Cassava Sciences, Inc.",SAVA,
Акции,"Spirit Airlines, Inc.",SAVE,
Акции,SBA Communications Corporation,SBAC,
Акции,Seacoast Banking Corporation of Florida,SBCF,
Акции,"Sinclair Broadcast Group, Inc.",SBGI,
Акции,"Sally Beauty Holdings, Inc.",SBH,
Акции,"Sabra Health Care REIT, Inc.",SBRA,
Акции,Starbucks Corporation,SBUX,
Акции,Southern Copper Corporation,SCCO,
Облигации,SCF Capital Designated Activity Company,SCFL0623,
Акции,The Charles Schwab Corporation,SCHW,
Акции,Service Corporation International,SCI,
Акции,Stepan Company,SCL,
Акции,"ScanSource, Inc.",SCSC,
Акции,"Schrodinger, Inc.",SDGR,
Акции,"SolarEdge Technologies, Inc.",SEDG,
Акции,Sealed Air Corporation,SEE,
Акции,SEI Investments Company,SEIC,
Акции,Stifel Financial Corp.,SF,
Акции,"Stitch Fix, Inc.",SFIX,
Акции,"Sprouts Farmers Market, Inc.",SFM,
Депозитарные расписки,The Bank of New York Mellon,SFTL@GS,
Акции,Seagen Inc.,SGEN,
Облигации,Societe Generale S.A.,SGENperp,
Акции,"Sangamo Therapeutics, Inc.",SGMO,
Акции,Shake Shack Inc.,SHAK,
Депозитарные расписки,"JPMorgan Chase Bank, N.A.",SHEL,
Акции,Shenandoah Telecommunications Company,SHEN,
Депозитарные расписки,The Bank of New York Mellon,SHI,
Акции,Siemens Healthineers AG,SHL@DE,
Акции,"Shoals Technologies Group, Inc.",SHLS,
Акции,"Steven Madden, Ltd.",SHOO,
Акции,Shopify Inc.,SHOP,
Акции,The Sherwin-Williams Company,SHW,
Акции,Silvergate Capital Corporation,SI,
Акции,Siemens Aktiengesellschaft,SIE@DE,
Акции,Signet Jewelers Limited,SIG,
Акции,"Selective Insurance Group, Inc.",SIGI,
Акции,"SiteOne Landscape Supply, Inc.",SITE,
Акции,SiTime Corporation,SITM,
Акции,SVB Financial Group,SIVB,
Акции,"South Jersey Industries, Inc.",SJI,
Акции,The J.M. Smucker Company,SJM,
Акции,SJW Group,SJW,
Акции,The Beauty Health Company,SKIN,
Акции,Skillz Inc.,SKLZ,
Депозитарные расписки,"Citibank, N.A.",SKM,
Акции,"Skechers U.S.A., Inc.",SKX,
Акции,Skyline Champion Corporation,SKY,
Акции,Silicon Laboratories Inc.,SLAB,
Акции,Schlumberger Limited,SLB,
Акции,Solid Biosciences Inc.,SLDB,
Акции,SL Green Realty Corp.,SLG,
Акции,Silgan Holdings Inc.,SLGN,
Акции,"Simulations Plus, Inc.",SLP,
Акции,"SelectQuote, Inc.",SLQT,
Акции,Sylvamo Corporation,SLVM,
Акции,Smartsheet Inc.,SMAR,
Акции,The Scotts Miracle-Gro Company,SMG,
Акции,The Simply Good Foods Company,SMPL,
Акции,Semtech Corporation,SMTC,
Акции,Snap-on Incorporated,SNA,
Акции,Snap Inc.,SNAP,
Акции,Sleep Number Corporation,SNBR,
Акции,Snowflake Inc.,SNOW,
Акции,"Synopsys, Inc.",SNPS,
Акции,TD SYNNEX Corporation,SNX,
Депозитарные расписки,"JPMorgan Chase Bank, N.A.",SNY,
Акции,The Southern Company,SO,
Акции,"SoFi Technologies, Inc.",SOFI,
Депозитарные расписки,The Bank of New York Mellon,SOHU,
Акции,Sonoco Products Company,SON,
Акции,"Sonos, Inc.",SONO,
Депозитарные расписки,"Citibank, N.A.",SONY,
Акции,SP Plus Corporation,SP,
Акции,"Spectrum Brands Holdings, Inc.",SPB@US,
Акции,"Virgin Galactic Holdings, Inc.",SPCE,
Акции,"Simon Property Group, Inc.",SPG,
Акции,S&P Global Inc.,SPGI,
Акции,Splunk Inc.,SPLK,
Акции,Spotify Technology S.A.,SPOT,
Акции,"Spirit AeroSystems Holdings, Inc.",SPR,
Акции,"SPS Commerce, Inc.",SPSC,
Акции,"Sprout Social, Inc.",SPT,
Акции,"Block, Inc.",SQ,
Акции,"Squarespace, Inc.",SQSP,
Акции,Spire Inc.,SR,
Акции,"Spirit Realty Capital, Inc.",SRC,
Акции,"Stericycle, Inc.",SRCL,
Акции,"Surmodics, Inc.",SRDX,
Акции,Sempra Energy,SRE,
Акции,"Stoneridge, Inc.",SRI,
Акции,"Sarepta Therapeutics, Inc.",SRPT,
Депозитарные расписки,"Citibank, N.A.",SSA@GS,
Акции,SouthState Corporation,SSB,
Акции,"Simpson Manufacturing Co., Inc.",SSD,
Акции,"SS&C Technologies Holdings, Inc.",SSNC,
Акции,"Shutterstock, Inc.",SSTK,
Акции,STAAR Surgical Company,STAA,
Акции,"STAG Industrial, Inc.",STAG,
Акции,STERIS plc,STE,
Акции,"Stem, Inc.",STEM,
Акции,Stellantis N.V.,STLA,
Акции,"Steel Dynamics, Inc.",STLD,
Акции,StoneCo Ltd.,STNE,
Акции,STORE Capital Corporation,STOR,
Акции,"Strategic Education, Inc.",STRA,
Акции,State Street Corporation,STT,
Акции,"Starwood Property Trust, Inc.",STWD,
Акции,Seagate Technology Holdings public limited company,STX,
Акции,"Constellation Brands, Inc.",STZ,
Акции,"Supernus Pharmaceuticals, Inc.",SUPN,
Депозитарные расписки,"Citibank, N.A.",SVST@GS,
Акции,"ShockWave Medical, Inc.",SWAV,
Акции,"Smith & Wesson Brands, Inc.",SWBI,
Акции,"Switch, Inc.",SWCH,
Акции,SolarWinds Corporation,SWI,
Акции,"Stanley Black & Decker, Inc.",SWK,
Акции,"Skyworks Solutions, Inc.",SWKS,
Акции,Southwestern Energy Company,SWN,
Акции,"SpringWorks Therapeutics, Inc.",SWTX,
Акции,"Southwest Gas Holdings, Inc.",SWX,
Акции,Standex International Corporation,SXI,
Акции,Sensient Technologies Corporation,SXT,
Акции,Synchrony Financial,SYF,
Акции,Stryker Corporation,SYK,
Акции,Synaptics Incorporated,SYNA,
Акции,"Syneos Health, Inc.",SYNH,
Акции,Sysco Corporation,SYY,
Акции,AT&T INC.,T,
Депозитарные расписки,The Bank of New York Mellon,TAK,
Депозитарные расписки,"JPMorgan Chase Bank, N.A.",TAL,
Акции,Molson Coors Beverage Company,TAP,
Акции,"TaskUs, Inc.",TASK,
Акции,"Texas Capital Bancshares, Inc.",TCBI,
Акции,"Tactile Systems Technology, Inc.",TCMD,
Акции,TCR2 Therapeutics Inc.,TCRR,
Депозитарные расписки,"JPMorgan Chase Bank, N.A.",TCS,
Акции,Tucows Inc.,TCX,
Акции,Teradata Corporation,TDC,
Акции,TransDigm Group Incorporated,TDG,
Акции,"Teladoc Health, Inc.",TDOC,
Акции,"Telephone and Data Systems, Inc.",TDS,
Акции,Teledyne Technologies Incorporated,TDY,
Акции,Bio-Techne Corporation,TECH,
Акции,TE Connectivity Ltd.,TEL,
Акции,"Tenable Holdings, Inc.",TENB,
Акции,"Teradyne, Inc.",TER,
Акции,Truist Financial Corporation,TFC,
Акции,Teleflex Incorporated,TFX,
Акции,TEGNA Inc.,TGNA,
Акции,Target Corporation,TGT,
Акции,"TG Therapeutics, Inc.",TGTX,
Акции,"The Hanover Insurance Group, Inc.",THG,
Акции,"Thor Industries, Inc.",THO,
Акции,Gentherm Incorporated,THRM,
Акции,"TreeHouse Foods, Inc.",THS,
Акции,"The TJX Companies, Inc.",TJX,
Акции,The Timken Company,TKR,
Депозитарные расписки,The Bank of New York Mellon,TM,
Акции,Taylor Morrison Home Corporation,TMHC,
Акции,Thermo Fisher Scientific Inc.,TMO,
Акции,"T-Mobile US, Inc.",TMUS,
Акции,"Terminix Global Holdings, Inc.",TMX,
Акции,Tennant Company,TNC,
Акции,"Tandem Diabetes Care, Inc.",TNDM,
Акции,"TriNet Group, Inc.",TNET,
Акции,Travel + Leisure Co.,TNL,
Акции,"Toll Brothers, Inc.",TOL,
Акции,"Toast, Inc.",TOST,
Акции,TPG Inc.,TPG,
Акции,"Tri Pointe Homes, Inc.",TPH,
Акции,"TPI Composites, Inc.",TPIC,
Акции,"Tapestry, Inc.",TPR,
Акции,"Turning Point Therapeutics, Inc.",TPTX,
Акции,"Tempur Sealy International, Inc.",TPX,
Акции,"LendingTree, Inc.",TREE,
Акции,"Trex Company, Inc.",TREX,
Акции,Targa Resources Corp.,TRGP,
Акции,"Tabula Rasa HealthCare, Inc.",TRHC,
Акции,Thomson Reuters Corporation,TRI,
Акции,"TripAdvisor, Inc.",TRIP,
Акции,Trimble Inc.,TRMB,
Акции,Terreno Realty Corporation,TRNO,
Акции,"T. Rowe Price Group, Inc.",TROW,
Акции,TransUnion,TRU,
Акции,"Trupanion, Inc.",TRUP,
Акции,"The Travelers Companies, Inc.",TRV,
Облигации,The Republic of Turkey,TRY0130,
Облигации,The Republic of Turkey,TRY0141,
Облигации,The Republic of Turkey,TRY0225,
Облигации,The Republic of Turkey,TRY0228,
Облигации,The Republic of Turkey,TRY0234,
Облигации,The Republic of Turkey,TRY0327,
Облигации,The Republic of Turkey,TRY0330,
Облигации,The Republic of Turkey,TRY0336,
Облигации,The Republic of Turkey,TRY1028,
Акции,Tractor Supply Company,TSCO,
Акции,"Tesla, Inc.",TSLA,
Депозитарные расписки,"Citibank, N.A.",TSM,
Акции,"Tyson Foods, Inc.",TSN,
Акции,TuSimple Holdings Inc.,TSP,
Акции,"2seventy bio, Inc.",TSVT,
Акции,Trane Technologies plc,TT,
Акции,The Toro Company,TTC,
Акции,"Tattooed Chef, Inc.",TTCF,
Акции,"The Trade Desk, Inc.",TTD,
Депозитарные расписки,"JPMorgan Chase Bank, N.A.",TTE,
Акции,"Tetra Tech, Inc.",TTEK,
Облигации,Turk Telekomunikasyon A.S.,TTEL0225,
Депозитарные расписки,"Citibank, N.A.",TTM,
Акции,"TTM Technologies, Inc.",TTMI,
Акции,"Take-Two Interactive Software, Inc.",TTWO,
Акции,Tradeweb Markets Inc.,TW,
Акции,Twilio Inc.,TWLO,
Акции,"Hostess Brands, Inc.",TWNK,
Акции,"2U, Inc.",TWOU,
Акции,Twist Bioscience Corporation,TWST,
Акции,"Twitter, Inc.",TWTR,
Акции,"10x Genomics, Inc.",TXG,
Акции,Texas Instruments Incorporated,TXN,
Акции,"Texas Roadhouse, Inc.",TXRH,
Акции,Textron Inc.,TXT,
Акции,"Tyler Technologies, Inc.",TYL,
Акции,Unity Software Inc.,U,
Акции,"Under Armour, Inc.",UA,
Акции,"Under Armour, Inc.",UAA,
Акции,"United Airlines Holdings, Inc.",UAL,
Акции,"Uber Technologies, Inc.",UBER,
Акции,UBS Group AG,UBS,
Акции,"United Bankshares, Inc.",UBSI,
Акции,"Ultra Clean Holdings, Inc.",UCTT,
Акции,"UDR, Inc.",UDR,
Акции,"UFP Industries, Inc.",UFPI,
Акции,UGI Corporation,UGI,
Акции,"Universal Health Services, Inc.",UHS,
Акции,Ubiquiti Inc.,UI,
Акции,"Ulta Beauty, Inc.",ULTA,
Акции,UMB Financial Corporation,UMBF,
Акции,UniFirst Corporation,UNF,
Акции,UnitedHealth Group Incorporated,UNH,
Акции,Unum Group,UNM,
Акции,Union Pacific Corporation,UNP,
Акции,Univar Solutions Inc.,UNVR,
Акции,"United Parcel Service, Inc.",UPS,
Акции,"Upstart Holdings, Inc.",UPST,
Акции,Upwork Inc.,UPWK,
Акции,"Urban Outfitters, Inc.",URBN,
Акции,"United Rentals, Inc.",URI,
Акции,U.S. Bancorp,USB,
Акции,US Foods Holding Corp.,USFD,
Акции,United States Cellular Corporation,USM,
Акции,"USANA Health Sciences, Inc.",USNA,
Акции,"U.S. Physical Therapy, Inc.",USPH,
Акции,United Therapeutics Corporation,UTHR,
Акции,Unitil Corporation,UTL,
Акции,Visa Inc.,V,
Акции,Marriott Vacations Worldwide Corporation,VAC,
Облигации,Turkiye Vakiflar Bankasi T.A.O.,VAKI0324,
Депозитарные расписки,"Citibank, N.A.",VALE,
Акции,Visteon Corporation,VC,
Акции,Vericel Corporation,VCEL,
Акции,"Veracyte, Inc.",VCYT,
Акции,"Vectrus, Inc.",VEC,
Акции,Veeva Systems Inc.,VEEV,
Депозитарные расписки,The Bank of New York Mellon,VEON,
Акции,V.F. Corporation,VFC,
Акции,Vonage Holdings Corp.,VG,
Акции,Vicor Corporation,VICR,
Депозитарные расписки,Deutsche Bank Trust Company Americas,VIPS,
Акции,"Vir Biotechnology, Inc.",VIR,
Акции,"Virtu Financial, Inc.",VIRT,
Депозитарные расписки,"Citibank, N.A.",VKCO@GS,
Акции,"Velodyne Lidar, Inc.",VLDR,
Акции,Valero Energy Corporation,VLO,
Акции,Vulcan Materials Company,VMC,
Акции,"Vimeo, Inc.",VMEO,
Акции,"Valmont Industries, Inc.",VMI,
Акции,"Vmware, Inc.",VMW,
Акции,Vonovia SE,VNA@DE,
Акции,Vanda Pharmaceuticals Inc.,VNDA,
Акции,"Veoneer, Inc.",VNE,
Акции,Vornado Realty Trust,VNO,
Акции,Vontier Corporation,VNT,
Акции,VOLKSWAGEN AKTIENGESELLSCHAFT,VOW3@DE,
Акции,"Voya Financial, Inc.",VOYA,
Акции,"Vishay Precision Group, Inc.",VPG,
Акции,Varex Imaging Corporation,VREX,
Акции,"Varonis Systems, Inc.",VRNS,
Акции,Verint Systems Inc.,VRNT,
Акции,"Verisk Analytics, Inc.",VRSK,
Акции,"VeriSign, Inc.",VRSN,
Акции,Vertiv Holdings Co,VRT,
Акции,"Virtus Investment Partners, Inc.",VRTS,
Акции,Veritiv Corporation,VRTV,
Акции,Vertex Pharmaceuticals Incorporated,VRTX,
Акции,"ViaSat, Inc.",VSAT,
Акции,Victoria’s Secret & Co.,VSCO,
Акции,Vistra Corp.,VST,
Акции,Vista Outdoor Inc.,VSTO,
Акции,"Ventas, Inc.",VTR,
Акции,Viatris Inc.,VTRS,
Акции,Vitesco Technologies Group Aktiengesellschaft,VTSC@DE,
Акции,Vuzix Corporation,VUZI,
Акции,Valvoline Inc.,VVV,
Акции,"Vaxart, Inc.",VXRT,
Акции,Verizon Communications Inc.,VZ,
Акции,VIZIO Holding Corp.,VZIO,
Акции,Wayfair Inc.,W,
Акции,Westinghouse Air Brake Technologies Corporation,WAB,
Акции,Westamerica Bancorporation,WABC,
Акции,"Washington Federal, Inc.",WAFD,
Акции,Western Alliance Bancorporation,WAL,
Акции,Waters Corporation,WAT,
Депозитарные расписки,"JPMorgan Chase Bank, N.A.",WB,
Акции,"Walgreens Boots Alliance, Inc.",WBA,
Акции,Webster Financial Corporation,WBS,
Акции,"WESCO International, Inc.",WCC,
Акции,"Workday, Inc.",WDAY,
Акции,Western Digital Corporation,WDC,
Акции,WD-40 Company,WDFC,
Акции,"WEC Energy Group, Inc.",WEC,
Акции,Welltower Inc.,WELL,
Акции,"Werner Enterprises, Inc.",WERN,
Акции,WEX Inc.,WEX,
Акции,Wells Fargo & Company,WFC,
Акции,"Winnebago Industries, Inc.",WGO,
Акции,"Wyndham Hotels & Resorts, Inc.",WH,
Акции,"Cactus, Inc.",WHD,
Акции,Whirlpool Corporation,WHR,
Акции,Wingstop Inc.,WING,
Акции,Encore Wire Corporation,WIRE,
Акции,ContextLogic Inc.,WISH,
Акции,Wix.com Ltd.,WIX,
Акции,Workiva Inc.,WK,
Акции,Workhorse Group Inc.,WKHS,
Акции,Westlake Corporation,WLK,
Акции,"Waste Management, Inc.",WM,
Акции,"The Williams Companies, Inc.",WMB,
Акции,"Advanced Drainage Systems, Inc.",WMS,
Акции,Walmart Inc.,WMT,
Акции,"Wolfspeed, Inc.",WOLF,
Акции,"Worthington Industries, Inc.",WOR,
Акции,W.P. Carey Inc.,WPC,
Акции,Wheaton Precious Metals Corp.,WPM,
Акции,W. R. Berkley Corporation,WRB,
Акции,Warby Parker Inc.,WRBY,
Акции,WestRock Company,WRK,
Акции,World Acceptance Corporation,WRLD,
Акции,WillScot Mobile Mini Holdings Corp.,WSC,
Акции,"Williams-Sonoma, Inc.",WSM,
Акции,"Watsco, Inc.",WSO,
Акции,"West Pharmaceutical Services, Inc.",WST,
Акции,Wintrust Financial Corporation,WTFC,
Акции,"Essential Utilities, Inc.",WTRG,
Акции,"Watts Water Technologies, Inc.",WTS,
Акции,"Select Energy Services, Inc.",WTTR,
Акции,Willis Towers Watson Public Limited Company,WTW,
Акции,The Western Union Company,WU,
Акции,"WW International, Inc.",WW,
Акции,"Woodward, Inc.",WWD,
Акции,"World Wrestling Entertainment, Inc.",WWE,
Акции,"Wolverine World Wide, Inc.",WWW,
Акции,Weyerhaeuser Company,WY,
Акции,"Wynn Resorts, Limited",WYNN,
Акции,Xcel Energy Inc.,XEL,
Акции,Qualtrics International Inc.,XM,
Акции,"Xencor, Inc.",XNCR,
Акции,Exxon Mobil Corporation,XOM,
Акции,XP Inc.,XP,
Акции,"XPEL, Inc.",XPEL,
Акции,"XPO Logistics, Inc.",XPO,
Акции,DENTSPLY SIRONA Inc.,XRAY,
Акции,Xerox Holdings Corporation,XRX,
Облигации,Gaz Capital S.A.,XS0191754729,
Облигации,LUKOIL International Finance B.V.,XS0304274599,
Облигации,Gaz Capital S.A.,XS0885736925,
Облигации,Steel Funding Designated Activity Company,XS1577953174,
Облигации,SIBUR Securities Designated Activity Company,XS1693971043,
Облигации,PhosAgro Bond Funding Designated Activity Company,XS1752568144,
Акции,Xylem Inc.,XYL,
Акции,Alleghany Corporation,Y,
Акции,Yelp Inc.,YELP,
Акции,"YETI Holdings, Inc.",YETI,
Акции,"Yext, Inc.",YEXT,
Акции,Yandex N.V.,YNDX,
Акции,"Yum! Brands, Inc.",YUM,
Акции,"Yum China Holdings, Inc.",YUMC,
Депозитарные расписки,"Citibank, N.A.",YY,
Акции,"Zillow Group, Inc.",Z,
Акции,"Zimmer Biomet Holdings, Inc.",ZBH,
Акции,Zebra Technologies Corporation,ZBRA,
Акции,"Ziff Davis, Inc.",ZD,
Акции,"Zendesk, Inc.",ZEN,
Акции,"Zillow Group, Inc.",ZG,
Акции,ZoomInfo Technologies Inc.,ZI,
Акции,ZIM Integrated Shipping Services Ltd.,ZIM,
Акции,ZimVie Inc.,ZIMV,
Акции,"Zions Bancorporation, National Association",ZION,
Акции,"ZipRecruiter, Inc.",ZIP,
Акции,"Zoom Video Communications, Inc.",ZM,
Депозитарные расписки,The Bank of New York Mellon,ZNH,
Акции,"Zscaler, Inc.",ZS,
Акции,Zoetis Inc.,ZTS,
Акции,Zumiez Inc.,ZUMZ,
Акции,"Zuora, Inc.",ZUO,
Акции,Zurn Water Solutions Corporation,ZWS,
Акции,Zymergen Inc.,ZY,
Акции,"Zynerba Pharmaceuticals, Inc.",ZYNE,
Акции,"Zynex, Inc.",ZYXI,
