0,Covestro AG,1COV@DE
1,"Agilent Technologies, Inc.",A
2,Alcoa Corporation,AA
3,American Airlines Group Inc.,AAL
4,"The Aaron’s Company, Inc.",AAN
5,"AAON, Inc.",AAON
6,"Advance Auto Parts, Inc.",AAP
7,Apple Inc.,AAPL
8,AbbVie Inc.,ABBV
9,AmerisourceBergen Corporation,ABC
10,AbCellera Biologics Inc.,ABCL
11,"Asbury Automotive Group, Inc.",ABG
12,"ABIOMED, Inc.",ABMD
13,"Airbnb, Inc.",ABNB
14,Abbott Laboratories,ABT
15,ACADIA Pharmaceuticals Inc.,ACAD
16,Arch Capital Group Ltd.,ACGL
17,"ACI Worldwide, Inc.",ACIW
18,"Axcelis Technologies, Inc.",ACLS
19,AECOM,ACM
20,"ACM Research, Inc.",ACMR
21,Accenture plc,ACN
22,Adobe Inc.,ADBE
23,"Analog Devices, Inc.",ADI
24,Archer-Daniels-Midland Company,ADM
25,"Automatic Data Processing, Inc.",ADP
26,Adaptive Biotechnologies Corporation,ADPT
27,Alliance Data Systems Corporation,ADS
28,adidas AG,ADS@DE
29,"Autodesk, Inc.",ADSK
30,Addus HomeCare Corporation,ADUS
31,Ameren Corporation,AEE
32,"Advanced Energy Industries, Inc.",AEIS
33,Agnico Eagle Mines Limited,AEM
34,"American Eagle Outfitters, Inc.",AEO
35,AerCap Holdings N.V.,AER
36,"Aerie Pharmaceuticals, Inc.",AERI
37,The AES Corporation,AES
38,"American Financial Group, Inc.",AFG
39,Aflac Incorporated,AFL
40,Affimed N.V.,AFMD
41,"Affirm Holdings, Inc.",AFRM
42,Carl Zeiss Meditec AG,AFX@DE
43,AGCO Corporation,AGCO
44,"Agios Pharmaceuticals, Inc.",AGIO
45,AGNC Investment Corp.,AGNC
46,"C3.ai, Inc.",AI
47,"American International Group, Inc.",AIG
48,Albany International Corp.,AIN
49,AAR CORP.,AIR
50,Apartment Income REIT Corp.,AIRC
51,"Applied Industrial Technologies, Inc.",AIT
52,Apartment Investment & Management Company,AIV
53,"Assurant, Inc.",AIZ
54,Arthur J. Gallagher & Co.,AJG
55,"Aerojet Rocketdyne Holdings, Inc.",AJRD
56,"Akamai Technologies, Inc.",AKAM
57,Albemarle Corporation,ALB
58,Alcon Inc.,ALC
59,"ALLETE, Inc.",ALE
60,"Alector, Inc.",ALEC
61,Alamo Group Inc.,ALG
62,"Align Technology, Inc.",ALGN
63,Allegiant Travel Company,ALGT
64,"Alight, Inc.",ALIT
65,"Alaska Air Group, Inc.",ALK
66,The Allstate Corporation,ALL
67,Allegion Public Limited Company,ALLE
68,Allakos Inc.,ALLK
69,"Allogene Therapeutics, Inc.",ALLO
70,Ally Financial Inc.,ALLY
71,"Alnylam Pharmaceuticals, Inc.",ALNY
72,"Alarm.com Holdings, Inc.",ALRM
73,"Allison Transmission Holdings, Inc.",ALSN
74,Altair Engineering Inc.,ALTR
75,"Autoliv, Inc.",ALV
76,Allianz SE,ALV@DE
77,ALX Oncology Holdings Inc.,ALXO
78,"Applied Materials, Inc.",AMAT
79,"Ambarella, Inc.",AMBA
80,Amcor plc,AMCR
81,AMC Networks Inc.,AMCX
82,"Advanced Micro Devices, Inc.",AMD
83,"AMETEK, Inc.",AME
84,"Amedisys, Inc.",AMED
85,"Apollo Medical Holdings, Inc.",AMEH
86,"Affiliated Managers Group, Inc.",AMG
87,Amgen Inc.,AMGN
88,American Homes 4 Rent,AMH
89,"AMN Healthcare Services, Inc.",AMN
90,"Ameriprise Financial, Inc.",AMP
91,"AMERISAFE, Inc.",AMSF
92,American Tower Corporation,AMT
93,Applied Molecular Transport Inc.,AMTI
94,American Woodmark Corporation,AMWD
95,"Amazon.com, Inc.",AMZN
96,"AutoNation, Inc.",AN
97,"AnaptysBio, Inc.",ANAB
98,"The Andersons, Inc.",ANDE
99,"Arista Networks, Inc.",ANET
100,Abercrombie & Fitch Co.,ANF
101,Angi Inc.,ANGI
102,"Anika Therapeutics, Inc.",ANIK
103,"ANI Pharmaceuticals, Inc.",ANIP
104,"ANSYS, Inc.",ANSS
105,"Anthem, Inc.",ANTM
106,Aon plc,AON
107,"Artivion, Inc.",AORT
108,A. O. Smith Corporation,AOS
109,"American Outdoor Brands, Inc.",AOUT
110,APA Corporation,APA
111,Artisan Partners Asset Management Inc.,APAM
112,"Air Products & Chemicals, Inc.",APD
113,"American Public Education, Inc.",APEI
114,Amphenol Corporation,APH
115,"Apple Hospitality REIT, Inc.",APLE
116,"Apellis Pharmaceuticals, Inc.",APLS
117,"Applied Therapeutics, Inc.",APLT
118,AppLovin Corporation,APP
119,"AppFolio, Inc.",APPF
120,"AppHarvest, Inc.",APPH
121,Appian Corporation,APPN
122,"Digital Turbine, Inc.",APPS
123,Aptiv PLC ,APTV
124,Ares Capital Corporation,ARCC
125,Arcturus Therapeutics Holdings Inc.,ARCT
126,"Alexandria Real Estate Equities, Inc.",ARE
127,Aramark,ARMK
128,Arconic Corporation,ARNC
129,"Arcutis Biotherapeutics, Inc.",ARQT
130,Arrival,ARVL
131,"Arvinas, Inc.",ARVN
132,"Arrow Electronics, Inc.",ARW
133,"Arrowhead Pharmaceuticals, Inc.",ARWR
134,"Asana, Inc.",ASAN
135,ASGN Incorporated,ASGN
136,Ashland Global Holdings Inc.,ASH
137,AdvanSix Inc.,ASIX
138,"Academy Sports and Outdoors, Inc.",ASO
139,"Astra Space, Inc.",ASTR
140,Anterix Inc.,ATEX
141,Adtalem Global Education Inc.,ATGE
142,Atkore Inc.,ATKR
143,"ATN International, Inc.",ATNI
144,"AptarGroup, Inc.",ATR
145,"Atara Biotherapeutics, Inc.",ATRA
146,"AtriCure, Inc.",ATRC
147,Atrion Corporation,ATRI
148,Astronics Corporation,ATRO
149,"Altice USA, Inc.",ATUS
150,"Activision Blizzard, Inc.",ATVI
151,Aurinia Pharmaceuticals Inc.,AUPH
152,Avista Corporation,AVA
153,"AeroVironment, Inc.",AVAV
154,"AvalonBay Communities, Inc.",AVB
155,Broadcom Inc.,AVGO
156,"Atea Pharmaceuticals, Inc.",AVIR
157,"Avalara, Inc.",AVLR
158,"Avanos Medical, Inc.",AVNS
159,Avient Corporation,AVNT
160,"Avnet, Inc.",AVT
161,"Avantor, Inc.",AVTR
162,Avery Dennison Corporation,AVY
163,Aspira Women's Health Inc.,AWH
164,"Armstrong World Industries, Inc.",AWI
165,"American Water Works Company, Inc.",AWK
166,American States Water Company,AWR
167,"Axos Financial, Inc.",AX
168,"Axogen, Inc.",AXGN
169,"Axonics, Inc.",AXNX
170,"Axon Enterprise, Inc.",AXON
171,American Express Company,AXP
172,"Axsome Therapeutics, Inc.",AXSM
173,Axalta Coating Systems Ltd.,AXTA
174,"Acuity Brands, Inc.",AYI
175,"Alteryx, Inc.",AYX
176,The AZEK Company Inc.,AZEK
177,"AutoZone, Inc.",AZO
178,"Aspen Technology, Inc.",AZPN
179,"Azenta, Inc.",AZTA
180,THE BOEING COMPANY,BA
181,Bank of America Corporation,BAC
182,Booz Allen Hamilton Holding Corporation,BAH
183,Bandwidth Inc.,BAND
184,BASF SE,BAS@DE
185,JSC “BAST”,BAST
186,Baxter International Inc.,BAX
187,Bayer Aktiengesellschaft,BAYN@DE
188,Bed Bath & Beyond Inc.,BBBY
189,"BridgeBio Pharma, Inc.",BBIO
190,"Barrett Business Services, Inc.",BBSI
191,"Bath & Body Works, Inc.",BBWI
192,"Best Buy Co., Inc.",BBY
193,Brunswick Corporation,BC
194,The Brink's Company,BCO
195,Balchem Corporation,BCPC
196,Belden Inc.,BDC
197,"Black Diamond Therapeutics, Inc.",BDTX
198,"Becton, Dickinson and Company",BDX
199,Beam Therapeutics Inc.,BEAM
200,"Beacon Roofing Supply, Inc.",BECN
201,"Franklin Resources, Inc.",BEN
202,"Berry Global Group, Inc.",BERY
203,Brown-Forman Corporation,BF B
204,Bright Horizons Family Solutions Inc.,BFAM
205,"B&G Foods, Inc.",BGS
206,Biglari Holdings Inc.,BH
207,"Brighthouse Financial, Inc.",BHF
208,"Big Lots, Inc.",BIG
209,"BigCommerce Holdings, Inc.",BIGC
210,Biogen Inc.,BIIB
211,"Bill.com Holdings, Inc.",BILL
212,"Bio-Rad Laboratories, Inc.",BIO
213,"BJ's Wholesale Club Holdings, Inc.",BJ
214,"BJ's Restaurants, Inc.",BJRI
215,The Bank of New York Mellon Corporation,BK
216,"Black Knight, Inc.",BKI
217,Booking Holdings Inc.,BKNG
218,Baker Hughes Company,BKR
219,"BankUnited, Inc.",BKU
220,"BlackLine, Inc.",BL
221,TopBuild Corp.,BLD
222,"Builders FirstSource, Inc.",BLDR
223,"Berkeley Lights, Inc.",BLI
224,"BlackRock, Inc.",BLK
225,"Blackbaud, Inc.",BLKB
226,Ball Corporation,BLL
227,"Bloomin' Brands, Inc.",BLMN
228,Blink Charging Co.,BLNK
229,"bluebird bio, Inc.",BLUE
230,"Backblaze, Inc.",BLZE
231,"Badger Meter, Inc.",BMI
232,BioMarin Pharmaceutical Inc.,BMRN
233,Bayerische Motoren Werke Aktiengesellschaft,BMW@DE
234,Bristol-Myers Squibb Company,BMY
235,"Bionano Genomics, Inc.",BNGO
236,Bank of Hawaii Corporation,BOH
237,BOK Financial Corporation,BOKF
238,"Boot Barn Holdings, Inc.",BOOT
239,HUGO BOSS AG,BOSS@DE
240,"Box, Inc.",BOX
241,Blueprint Medicines Corporation,BPMC
242,"Broadridge Financial Solutions, Inc.",BR
243,"BellRing Brands, Inc.",BRBR
244,Brady Corporation,BRC
245,Berkshire Hathaway Inc.,BRK B
246,Bruker Corporation,BRKR
247,"Brown & Brown, Inc.",BRO
248,Brixmor Property Group Inc.,BRX
249,Boston Scientific Corporation,BSX
250,"Bentley Systems, Incorporated",BSY
251,"BioXcel Therapeutics, Inc.",BTAI
252,"Burlington Stores, Inc.",BURL
253,Borussia Dortmund GmbH & Co. Kommanditgesellschaft auf Aktien,BVB@DE
254,BorgWarner Inc.,BWA
255,"BWX Technologies, Inc.",BWXT
256,Blackstone Inc.,BX
257,"Boston Properties, Inc.",BXP
258,"Beyond Meat, Inc.",BYND
259,BeyondSpring Inc.,BYSI
260,Citigroup Inc.,C
261,"Cable One, Inc.",CABO
262,Credit Acceptance Corporation,CACC
263,CACI International Inc,CACI
264,"Conagra Brands, Inc.",CAG
265,"Cardinal Health, Inc.",CAH
266,"Cal-Maine Foods, Inc.",CALM
267,"Cara Therapeutics, Inc.",CARA
268,"CarGurus, Inc.",CARG
269,Carrier Global Corporation,CARR
270,Cars.com Inc.,CARS
271,"Casey's General Stores, Inc.",CASY
272,Caterpillar Inc.,CAT
273,Chubb Limited,CB
274,"CBRE Group, Inc.",CBRE
275,"Cracker Barrel Old Country Store, Inc.",CBRL
276,"Commerce Bancshares, Inc.",CBSH
277,"Community Bank System, Inc.",CBU
278,The Chemours Company,CC
279,Crown Castle International Corp.,CCI
280,Cameco Corporation,CCJ
281,"Crown Holdings, Inc.",CCK
282,Carnival Corporation,CCL
283,"CMC Materials, Inc.",CCMP
284,"Cogent Communications Holdings, Inc.",CCOI
285,"Century Communities, Inc.",CCS
286,"Consensus Cloud Solutions, Inc.",CCSI
287,"ChemoCentryx, Inc.",CCXI
288,"CDK Global, Inc.",CDK
289,"Cardlytics, Inc.",CDLX
290,"CareDx, Inc.",CDNA
291,"Cadence Design Systems, Inc.",CDNS
292,CDW Corporation,CDW
293,Celanese Corporation,CE
294,Constellation Energy Corporation,CEG
295,Central Garden & Pet Company,CENT
296,Central Garden & Pet Company,CENTA
297,Cerner Corporation,CERN
298,"CEVA, Inc.",CEVA
299,"CF Industries Holdings, Inc.",CF
300,"Citizens Financial Group, Inc.",CFG
301,"Confluent, Inc.",CFLT
302,"Cullen/Frost Bankers, Inc.",CFR
303,Colfax Corporation,CFX
304,Compugen Ltd.,CGEN
305,Cognyte Software Ltd.,CGNT
306,Cognex Corporation,CGNX
307,City Holding Company,CHCO
308,"Church & Dwight Co., Inc.",CHD
309,Churchill Downs Incorporated,CHDN
310,Chemed Corporation,CHE
311,"The Chefs’ Warehouse, Inc.",CHEF
312,"Chegg, Inc.",CHGG
313,"Choice Hotels International, Inc.",CHH
314,Check Point Software Technologies Ltd.,CHKP
315,Change Healthcare Inc.,CHNG
316,"ChargePoint Holdings, Inc.",CHPT
317,"C.H. Robinson Worldwide, Inc.",CHRW
318,"Charter Communications, Inc.",CHTR
319,"Chewy, Inc.",CHWY
320,ChampionX Corporation,CHX
321,Cigna Corporation,CI
322,Ciena Corporation,CIEN
323,Cincinnatiм Financial Corporation,CINF
324,Colgate-Palmolive Company,CL
325,Chatham Lodging Trust,CLDT
326,Cleveland-Cliffs Inc.,CLF
327,"Clean Harbors, Inc.",CLH
328,"Clover Health Investments, Corp.",CLOV
329,"Continental Resources, Inc.",CLR
330,"CleanSpark, Inc.",CLSK
331,Clarivate Plc,CLVT
332,The Clorox Company,CLX
333,Comerica Incorporated,CMA
334,Commercial Metals Company,CMC
335,Columbus McKinnon Corporation,CMCO
336,Comcast Corporation,CMCSA
337,CME Group Inc.,CME
338,"Chipotle Mexican Grill, Inc.",CMG
339,Cummins Inc.,CMI
340,"Compass Minerals International, Inc.",CMP
341,CMS Energy Corporation,CMS
342,Centene Corporation,CNC
343,CNH Industrial N.V.,CNHI
344,Canadian National Railway Company,CNI
345,"Cinemark Holdings, Inc.",CNK
346,CONMED Corporation,CNMD
347,"CenterPoint Energy, Inc.",CNP
348,"Cohen & Steers, Inc.",CNS
349,CNX Resources Corporation,CNX
350,Concentrix Corporation,CNXC
351,"PC Connection, Inc.",CNXN
352,Capital One Financial Corporation,COF
353,"ChoiceOne Financial Services, Inc.",COFS
354,"Coherent, Inc.",COHR
355,"Coinbase Global, Inc.",COIN
356,"Coca-Cola Consolidated, Inc.",COKE
357,Americold Realty Trust,COLD
358,Columbia Sportswear Company,COLM
359,Continental Aktiengesellschaft,CON@DE
360,"The Cooper Companies, Inc.",COO
361,ConocoPhillips,COP
362,"CorEnergy Infrastructure Trust, Inc.",CORR
363,Corcept Therapeutics Incorporated,CORT
364,Costco Wholesale Corporation,COST
365,Coty Inc.,COTY
366,Coupa Software Incorporated,COUP
367,"Coursera, Inc.",COUR
368,Cowen Inc.,COWN
369,Canadian Pacific Railway Limited,CP
370,Campbell Soup Company,CPB
371,"Coupang, Inc.",CPNG
372,Capri Holdings Limited,CPRI
373,"Copart, Inc.",CPRT
374,Cooper-Standard Holdings Inc.,CPS
375,Camden Property Trust,CPT
376,Crane Co.,CR
377,"Carter's, Inc.",CRI
378,"Charles River Laboratories International, Inc.",CRL
379,"salesforce.com, inc.",CRM
380,"America’s Car-Mart, Inc.",CRMT
381,Cerence Inc.,CRNC
382,"Crocs, Inc.",CROX
383,Carpenter Technology Corporation,CRS
384,CRISPR Therapeutics AG,CRSP
385,"Corsair Gaming, Inc.",CRSR
386,"Cortexyme, Inc.",CRTX
387,"Cirrus Logic, Inc.",CRUS
388,CorVel Corporation,CRVL
389,"CrowdStrike Holdings, Inc.",CRWD
390,"Cisco Systems, Inc.",CSCO
391,"CoStar Group, Inc.",CSGP
392,"CSG Systems International, Inc.",CSGS
393,"Cardiovascular Systems, Inc.",CSII
394,Carlisle Companies Incorporated,CSL
395,"CSW Industrials, Inc.",CSWI
396,CSX Corporation,CSX
397,Cintas Corporation,CTAS
398,"Catalent, Inc.",CTLT
399,Coterra Energy Inc.,CTRA
400,Cognizant Technology Solutions Corporation,CTSH
401,"Corteva, Inc.",CTVA
402,"Citrix Systems, Inc.",CTXS
403,CubeSmart,CUBE
404,"Cavco Industries, Inc.",CVCO
405,"Covetrus, Inc.",CVET
406,"Calavo Growers, Inc.",CVGW
407,"Commvault Systems, Inc.",CVLT
408,CEL-SCI Corporation,CVM
409,Carvana Co.,CVNA
410,CVS Health Corporation,CVS
411,Chevron Corporation,CVX
412,Curtiss-Wright Corporation,CW
413,"Clearway Energy, Inc.",CWEN
414,"Casella Waste Systems, Inc.",CWST
415,California Water Service Group,CWT
416,CyberArk Software Ltd.,CYBR
417,"Cryoport, Inc.",CYRX
418,"Cytokinetics, Incorporated",CYTK
419,"Dominion Energy, Inc.",D
420,"Delta Air Lines, Inc.",DAL
421,Darling Ingredients Inc.,DAR
422,"DoorDash, Inc.",DASH
423,Deutsche Boerse Aktiengesellschaft,DB1@DE
424,Deutsche Bank Aktiengesellschaft,DBK@DE
425,"Dropbox, Inc.",DBX
426,"Donaldson Company, Inc.",DCI
427,"Deciphera Pharmaceuticals, Inc.",DCPH
428,"DuPont de Nemours, Inc.",DD
429,3D Systems Corporation,DDD
430,"Datadog, Inc.",DDOG
431,"Dillard's, Inc.",DDS
432,Deere & Company,DE
433,Deckers Outdoor Corporation,DECK
434,Dell Technologies Inc.,DELL
435,Discover Financial Services,DFS
436,Dollar General Corporation,DG
437,Quest Diagnostics Incorporated,DGX
438,Delivery Hero SE,DHER@DE
439,"D.R. Horton, Inc.",DHI
440,Danaher Corporation,DHR
441,Diodes Incorporated,DIOD
442,The Walt Disney Company,DIS
443,"Discovery, Inc.",DISCA
444,"Discovery, Inc.",DISCB
445,"Discovery, Inc.",DISCK
446,DISH Network Corporation,DISH
447,"Delek US Holdings, Inc.",DK
448,DraftKings Inc.,DKNG
449,"Dick's Sporting Goods, Inc.",DKS
450,"Dolby Laboratories, Inc.",DLB
451,DLocal Limited,DLO
452,"Digital Realty Trust, Inc.",DLR
453,Duluth Holdings Inc.,DLTH
454,"Dollar Tree, Inc.",DLTR
455,Deluxe Corporation,DLX
456,"Desktop Metal, Inc.",DM
457,"DermTech, Inc.",DMTK
458,"Dun & Bradstreet Holdings, Inc.",DNB
459,Denali Therapeutics Inc.,DNLI
460,"Danimer Scientific, Inc.",DNMR
461,NOW Inc.,DNOW
462,"DigitalOcean Holdings, Inc.",DOCN
463,"Doximity, Inc.",DOCS
464,"DocuSign, Inc.",DOCU
465,"Dorman Products, Inc.",DORM
466,Dover Corporation,DOV
467,Dow Inc.,DOW
468,Deutsche Post AG,DPW@DE
469,"Domino’s Pizza, Inc.",DPZ
470,Duke Realty Corporation,DRE
471,"Darden Restaurants, Inc.",DRI
472,"Dril-Quip, Inc.",DRQ
473,"Dynatrace, Inc.",DT
474,Deutsche Telekom AG,DTE@DE
475,"Duolingo, Inc.",DUOL
476,"DoubleVerify Holdings, Inc.",DV
477,DaVita Inc.,DVA
478,Devon Energy Corporation,DVN
479,Deutsche Wohnen SE,DWNI@DE
480,DXC Technology Company,DXC
481,"DexCom, Inc.",DXCM
482,"Dycom Industries, Inc.",DY
483,Electronic Arts Inc.,EA
484,"Eargo, Inc.",EAR
485,"Brinker International, Inc.",EAT
486,eBay Inc.,EBAY
487,Emergent BioSolutions Inc.,EBS
488,Ecolab Inc.,ECL
489,"Encore Capital Group, Inc.",ECPG
490,"Consolidated Edison, Inc.",ED
491,"Editas Medicine, Inc.",EDIT
492,"Euronet Worldwide, Inc.",EEFT
493,Equifax Inc.,EFX
494,"8x8, Inc.",EGHT
495,"EastGroup Properties, Inc.",EGP
496,"Eagle Pharmaceuticals, Inc.",EGRX
497,"eHealth, Inc.",EHTH
498,Edison International,EIX
499,The Estee Lauder Companies Inc.,EL
500,Elanco Animal Health Incorporated,ELAN
501,"Equity LifeStyle Properties, Inc.",ELS
502,"EMCOR Group, Inc.",EME
503,Eastman Chemical Company,EMN
504,Emerson Electric Co.,EMR
505,Endo International PLC,ENDP
506,"Enphase Energy, Inc.",ENPH
507,"Energizer Holdings, Inc.",ENR
508,EnerSys,ENS
509,"The Ensign Group, Inc.",ENSG
510,"Enanta Pharmaceuticals, Inc.",ENTA
511,"Entegris, Inc.",ENTG
512,"Envestnet, Inc.",ENV
513,E.ON SE,EOAN@DE
514,"EOG Resources, Inc.",EOG
515,"EPAM Systems, Inc.",EPAM
516,"Bottomline Technologies (de), Inc.",EPAY
517,Edgewell Personal Care Company,EPC
518,"Equinix, Inc.",EQIX
519,EQT Corporation,EQT
520,Erie Indemnity Company,ERIE
521,Eversource Energy,ES
522,ESCO Technologies Inc.,ESE
523,"Esperion Therapeutics, Inc.",ESPR
524,"Essex Property Trust, Inc.",ESS
525,Elastic N.V.,ESTC
526,Energy Transfer LP,ET
527,Eaton Corporation plc,ETN
528,Entergy Corporation,ETR
529,Equitrans Midstream Corporation,ETRN
530,"Etsy, Inc.",ETSY
531,"Everbridge, Inc.",EVBG
532,"EverQuote, Inc.",EVER
533,"Evolent Health, Inc.",EVH
534,Evonik Industries AG,EVK@DE
535,Evercore Inc.,EVR
536,"Evergy, Inc.",EVRG
537,Evotec SE,EVT@DE
538,Edwards Lifesciences Corporation,EW
539,"East West Bancorp, Inc.",EWBC
540,Exact Sciences Corporation,EXAS
541,Exelon Corporation,EXC
542,"Exelixis, Inc.",EXEL
543,"ExlService Holdings, Inc.",EXLS
544,Eagle Materials Inc.,EXP
545,"Expeditors International of Washington, Inc.",EXPD
546,"Expedia Group, Inc.",EXPE
547,"eXp World Holdings, Inc.",EXPI
548,"Exponent, Inc.",EXPO
549,Extra Space Storage Inc.,EXR
550,"National Vision Holdings, Inc.",EYE
551,Ford Motor Company,F
552,"Diamondback Energy, Inc.",FANG
553,"FARO Technologies, Inc.",FARO
554,Fastenal Company,FAST
555,"Fate Therapeutics, Inc.",FATE
556,"Meta Platforms, Inc.",FB
557,"Fortune Brands Home & Security, Inc.",FBHS
558,"FirstCash Holdings, Inc.",FCFS
559,"FTI Consulting, Inc.",FCN
560,"First Citizens BancShares, Inc.",FCNCA
561,Freeport-McMoRan Inc.,FCX
562,FactSet Research Systems Inc.,FDS
563,FedEx Corporation,FDX
564,FirstEnergy Corp.,FE
565,"Franklin Electric Co., Inc.",FELE
566,"First Financial Bankshares, Inc.",FFIN
567,"F5, Inc.",FFIV
568,"FibroGen, Inc.",FGEN
569,Fair Isaac Corporation,FICO
570,"FIGS, Inc.",FIGS
571,"Fidelity National Information Services, Inc.",FIS
572,"Fiserv, Inc.",FISV
573,Fifth Third Bancorp,FITB
574,"Five Below, Inc.",FIVE
575,"Five9, Inc.",FIVN
576,National Beverage Corp.,FIZZ
577,"Foot Locker, Inc.",FL
578,"Fulgent Genetics, Inc.",FLGT
579,"Flowers Foods, Inc.",FLO
580,"SPX FLOW, Inc.",FLOW
581,Fluor Corporation,FLR
582,Flowserve Corporation,FLS
583,"FleetCor Technologies, Inc.",FLT
584,"1-800-FLOWERS.COM, Inc.",FLWS
585,FMC Corporation,FMC
586,Fresenius Medical Care AG & Co. KGaA,FME@DE
587,"Floor & Decor Holdings, Inc.",FND
588,"Fidelity National Financial, Inc.",FNF
589,"Funko, Inc.",FNKO
590,Focus Financial Partners Inc.,FOCS
591,Ferro Corporation,FOE
592,"Amicus Therapeutics, Inc.",FOLD
593,"FormFactor, Inc.",FORM
594,"Forrester Research, Inc.",FORR
595,Fox Corporation,FOX
596,Fox Corporation,FOXA
597,Fox Factory Holding Corp.,FOXF
598,"First Industrial Realty Trust, Inc.",FR
599,Fresenius SE & Co. KGaA,FRE@DE
600,Freedom Holding Corp.,FRHC
601,First Merchants Corporation,FRME
602,JFrog Ltd.,FROG
603,"FRP Holdings, Inc.",FRPH
604,"Freshpet, Inc.",FRPT
605,"First Solar, Inc.",FSLR
606,"Fastly, Inc.",FSLY
607,Fisker Inc.,FSR
608,Farfetch Limited,FTCH
609,"FTC Solar, Inc.",FTCI
610,"Frontdoor, Inc.",FTDR
611,TechnipFMC plc,FTI
612,"Fortinet, Inc.",FTNT
613,Fortive Corporation,FTV
614,H.B. Fuller Company,FUL
615,"Fulcrum Therapeutics, Inc.",FULC
616,Fiverr International Ltd.,FVRR
617,Forward Air Corporation,FWRD
618,Genpact Limited,G
619,GATX Corporation,GATX
620,"Glacier Bancorp, Inc.",GBCI
621,"Global Blood Therapeutics, Inc.",GBT
622,"The Greenbrier Companies, Inc.",GBX
623,Genesco Inc.,GCO
624,GCP Applied Technologies Inc.,GCP
625,General Dynamics Corporation,GD
626,GoDaddy Inc.,GDDY
627,Nexters Inc.,GDEV
628,Green Dot Corporation,GDOT
629,"GoodRx Holdings, Inc.",GDRX
630,General Electric Company,GE
631,"Greif, Inc.",GEF
632,"Gevo, Inc.",GEVO
633,Graco Inc.,GGG
634,"Guardant Health, Inc.",GH
635,Graham Holdings Company,GHC
636,"GILEAD SCIENCES, INC.",GILD
637,"General Mills, Inc.",GIS
638,Glaukos Corporation,GKOS
639,Globe Life Inc.,GL
640,Global-E Online Ltd.,GLBE
641,Globant S.A.,GLOB
642,"Gaming and Leisure Properties, Inc.",GLPI
643,Corning Incorporated,GLW
644,General Motors Company,GM
645,"Globus Medical, Inc.",GMED
646,GMS Inc.,GMS
647,"Global Net Lease, Inc.",GNL
648,Generac Holdings Inc.,GNRC
649,Gentex Corporation,GNTX
650,Grocery Outlet Holding Corp.,GO
651,Barrick Gold Corporation,GOLD
652,Alphabet Inc.,GOOG
653,Alphabet Inc.,GOOGL
654,"Gossamer Bio, Inc.",GOSS
655,Genuine Parts Company,GPC
656,"Group 1 Automotive, Inc.",GPI
657,Graphic Packaging Holding Company,GPK
658,Global Payments Inc.,GPN
659,"GoPro, Inc.",GPRO
660,"The Gap, Inc.",GPS
661,Garmin Ltd.,GRMN
662,"Graphite Bio, Inc.",GRPH
663,"The Goldman Sachs Group, Inc.",GS
664,"Goosehead Insurance, Inc.",GSHD
665,"GreenSky, Inc.",GSKY
666,The Goodyear Tire & Rubber Company,GT
667,"G1 Therapeutics, Inc.",GTHX
668,GitLab Inc.,GTLB
669,"Chart Industries, Inc.",GTLS
670,"Gray Television, Inc.",GTN
671,Garrett Motion Inc.,GTX
672,Granite Construction Incorporated,GVA
673,"Guidewire Software, Inc.",GWRE
674,"W.W. Grainger, Inc.",GWW
675,"GXO Logistics, Inc.",GXO
676,Hyatt Hotels Corporation,H
677,"Hawaiian Holdings, Inc.",HA
678,Haemonetics Corporation,HAE
679,"The Hain Celestial Group, Inc.",HAIN
680,Halliburton Company,HAL
681,"Halozyme Therapeutics, Inc.",HALO
682,"Hasbro, Inc.",HAS
683,"Hannon Armstrong Sustainable Infrastructure Capital, Inc.",HASI
684,Huntington Bancshares Incorporated,HBAN
685,Hanesbrands Inc.,HBI
686,"HCA Healthcare, Inc.",HCA
687,"Health Catalyst, Inc.",HCAT
688,"Heritage-Crystal Clean, Inc.",HCCI
689,"Healthcare Services Group, Inc.",HCSG
690,"The Home Depot, Inc.",HD
691,"Hawaiian Electric Industries, Inc.",HE
692,Turtle Beach Corporation,HEAR
693,HEICO Corporation,HEI
694,HeidelbergCement AG,HEI@DE
695,Henkel AG & Co. KGaA,HEN3@DE
696,Hess Corporation,HES
697,Hilton Grand Vacations Inc.,HGV
698,The Howard Hughes Corporation,HHC
699,"Hibbett, Inc.",HIBB
700,"The Hartford Financial Services Group, Inc.",HIG
701,"Huntington Ingalls Industries, Inc.",HII
702,"Houlihan Lokey, Inc.",HLI
703,Hamilton Lane Incorporated,HLNE
704,Hilton Worldwide Holdings Inc.,HLT
705,"Harley-Davidson, Inc.",HOG
706,"Hologic, Inc.",HOLX
707,Honeywell International Inc.,HON
708,"Robinhood Markets, Inc.",HOOD
709,HOCHTIEF Aktiengesellschaft,HOT@DE
710,"Helmerich & Payne, Inc.",HP
711,Hewlett Packard Enterprise Company,HPE
712,HP Inc.,HPQ
713,"HealthEquity, Inc.",HQY
714,"H&R Block, Inc.",HRB
715,Hormel Foods Corporation,HRL
716,"Heron Therapeutics, Inc.",HRTX
717,Harsco Corporation,HSC
718,"Henry Schein, Inc.",HSIC
719,Heska Corporation,HSKA
720,"Host Hotels & Resorts, Inc.",HST
721,The Hershey Company,HSY
722,"Healthcare Trust of America, Inc.",HTA
723,Hubbell Incorporated,HUBB
724,"Hub Group, Inc.",HUBG
725,"HubSpot, Inc.",HUBS
726,Humana Inc.,HUM
727,Huntsman Corporation,HUN
728,Huron Consulting Group Inc.,HURN
729,Howmet Aerospace Inc.,HWM
730,Hexcel Corporation,HXL
731,Hyliion Holdings Corp.,HYLN
732,"IAA, Inc.",IAA
733,IAC/InterActiveCorp,IAC
734,Integra LifeSciences Holdings Corporation,IART
735,"Interactive Brokers Group, Inc.",IBKR
736,International Business Machines Corporation,IBM
737,"Installed Building Products, Inc.",IBP
738,"Independent Bank Group, Inc.",IBTX
739,"Intercontinental Exchange, Inc.",ICE
740,"ICF International, Inc.",ICFI
741,ICON public limited company,ICLR
742,"Intercept Pharmaceuticals, Inc.",ICPT
743,"ICU Medical, Inc.",ICUI
744,"IDACORP, Inc.",IDA
745,"InterDigital, Inc.",IDCC
746,"IDEXX Laboratories, Inc.",IDXX
747,IDEX Corporation,IEX
748,International Flavors & Fragrances Inc.,IFF
749,Infineon Technologies AG,IFX@DE
750,"IGM Biosciences, Inc.",IGMS
751,"Innovative Industrial Properties, Inc.",IIPR
752,II-VI Incorporated,IIVI
753,"Illumina, Inc.",ILMN
754,Incyte Corporation,INCY
755,Independent Bank Corp.,INDB
756,"Inogen, Inc.",INGN
757,Ingredion Incorporated,INGR
758,InMode Ltd.,INMD
759,"Inovio Pharmaceuticals, Inc.",INO
760,Inseego Corp.,INSG
761,"Inspire Medical Systems, Inc.",INSP
762,Intel Corporation,INTC
763,Intuit Inc.,INTU
764,Invitation Homes Inc.,INVH
765,"Ionis Pharmaceuticals, Inc.",IONS
766,Innospec Inc.,IOSP
767,"Iovance Biotherapeutics, Inc.",IOVA
768,International Paper Company,IP
769,"Inter Parfums, Inc.",IPAR
770,"The Interpublic Group of Companies, Inc.",IPG
771,IPG Photonics Corporation,IPGP
772,IQVIA Holdings Inc.,IQV
773,Ingersoll Rand Inc.,IR
774,iRobot Corporation,IRBT
775,Iridium Communications Inc.,IRDM
776,Iron Mountain Incorporated,IRM
777,"iRhythm Technologies, Inc.",IRTC
778,"Intuitive Surgical, Inc.",ISRG
779,"Gartner, Inc.",IT
780,"Intra-Cellular Therapies, Inc.",ITCI
781,Integer Holdings Corporation,ITGR
782,"Itron, Inc.",ITRI
783,ITT Inc.,ITT
784,Illinois Tool Works Inc.,ITW
785,Invesco Ltd.,IVZ
786,Jacobs Engineering Group Inc.,J
787,Jack in the Box Inc.,JACK
788,"J.B. Hunt Transport Services, Inc.",JBHT
789,Jabil Inc.,JBL
790,"John B. Sanfilippo & Son, Inc.",JBSS
791,John Bean Technologies Corporation,JBT
792,Johnson Controls International plc,JCI
793,Jefferies Financial Group Inc.,JEF
794,"JELD-WEN Holding, Inc.",JELD
795,Janus Henderson Group plc,JHG
796,J & J Snack Foods Corp.,JJSF
797,"Jack Henry & Associates, Inc.",JKHY
798,Jones Lang LaSalle Incorporated,JLL
799,Johnson & Johnson,JNJ
800,"Juniper Networks, Inc.",JNPR
801,Johnson Outdoors Inc.,JOUT
802,JPMorgan Chase & Co.,JPM
803,"Nordstrom, Inc.",JWN
804,Kellogg Company,K
805,Kadant Inc.,KAI
806,Kaiser Aluminum Corporation,KALU
807,KB Home,KBH
808,Kcell Joint Stock Company,KCEL
809,"Kyndryl Holdings, Inc.",KD
810,Keurig Dr Pepper Inc.,KDP
811,Kirby Corporation,KEX
812,KeyCorp,KEY
813,"Keysight Technologies, Inc.",KEYS
814,Korn Ferry,KFY
815,The Kraft Heinz Company,KHC
816,OrthoPediatrics Corp.,KIDS
817,Kimco Realty Corporation,KIM
818,KKR & Co. Inc.,KKR
819,KLA Corporation,KLAC
820,"Kulicke and Soffa Industries, Inc.",KLIC
821,Kimberly-Clark Corporation,KMB
822,"Kinder Morgan, Inc.",KMI
823,Kemper Corporation,KMPR
824,Kennametal Inc.,KMT
825,"CarMax, Inc.",KMX
826,"KnowBe4, Inc.",KNBE
827,"Kinsale Capital Group, Inc.",KNSL
828,Knight-Swift Transportation Holdings Inc.,KNX
829,THE COCA-COLA COMPANY,KO
830,Kodiak Sciences Inc.,KOD
831,Kopin Corporation,KOPN
832,The Kroger Co.,KR
833,Kilroy Realty Corporation,KRC
834,Kite Realty Group Trust,KRG
835,"Karuna Therapeutics, Inc.",KRTX
836,"Krystal Biotech, Inc.",KRYS
837,"Kontoor Brands, Inc.",KTB
838,"Kratos Defense & Security Solutions, Inc.",KTOS
839,Quaker Chemical Corporation,KWR
840,Loews Corporation,L
841,Lithium Americas Corp.,LAC
842,"Lithia Motors, Inc.",LAD
843,Lancaster Colony Corporation,LANC
844,"nLIGHT, Inc.",LASR
845,"Luminar Technologies, Inc.",LAZR
846,Liberty Broadband Corporation,LBRDK
847,"Lucid Group, Inc.",LCID
848,LCI Industries,LCII
849,"Leidos Holdings, Inc.",LDOS
850,Lear Corporation,LEA
851,"Lincoln Electric Holdings, Inc.",LECO
852,"Leggett & Platt, Incorporated",LEG
853,Legacy Housing Corporation,LEGH
854,Lennar Corporation,LEN
855,Levi Strauss & Co.,LEVI
856,"LifeStance Health Group, Inc.",LFST
857,"Littelfuse, Inc.",LFUS
858,"LGI Homes, Inc.",LGIH
859,Ligand Pharmaceuticals Incorporated,LGND
860,Laboratory Corporation of America Holdings,LH
861,Deutsche Lufthansa Aktiengesellschaft,LHA@DE
862,"LHC Group, Inc.",LHCG
863,"L3Harris Technologies, Inc.",LHX
864,Lennox International Inc.,LII
865,Linde plc,LIN
866,Lumentum Holdings Inc.,LITE
867,LKQ Corporation,LKQ
868,Eli Lilly and Company,LLY
869,Lockheed Martin Corporation,LMT
870,Lindsay Corporation,LNN
871,Alliant Energy Corporation,LNT
872,"Lantheus Holdings, Inc.",LNTH
873,Logitech International S.A.,LOGI
874,"Grand Canyon Education, Inc.",LOPE
875,"Lowe's Companies, Inc.",LOW
876,LPL Financial Holdings Inc.,LPLA
877,Open Lending Corporation,LPRO
878,"LivePerson, Inc.",LPSN
879,Louisiana-Pacific Corporation,LPX
880,Lam Research Corporation,LRCX
881,"Stride, Inc.",LRN
882,Lattice Semiconductor Corporation,LSCC
883,"Life Storage, Inc.",LSI
884,Lightspeed Commerce Inc.,LSPD
885,"Landstar System, Inc.",LSTR
886,Livent Corporation ,LTHM
887,lululemon athletica inc.,LULU
888,"Lumen Technologies, Inc.",LUMN
889,Southwest Airlines Co.,LUV
890,Las Vegas Sands Corp.,LVS
891,"Lamb Weston Holdings, Inc.",LW
892,LyondellBasell Industries N.V.,LYB
893,"Lyft, Inc.",LYFT
894,Loyalty Ventures Inc.,LYLT
895,"Live Nation Entertainment, Inc.",LYV
896,"Macy's, Inc.",M
897,Mastercard Incorporated,MA
898,"Mid-America Apartment Communities, Inc.",MAA
899,The Macerich Company,MAC
900,ManpowerGroup Inc.,MAN
901,"Manhattan Associates, Inc.",MANH
902,ManTech International Corporation,MANT
903,Manchester United plc,MANU
904,"Marriott International, Inc.",MAR
905,"Marathon Digital Holdings, Inc.",MARA
906,Masco Corporation,MAS
907,Masimo Corporation,MASI
908,"Mattel, Inc.",MAT
909,"Matson, Inc.",MATX
910,"Malibu Boats, Inc.",MBUU
911,Moelis & Company,MC
912,McDonald's Corporation,MCD
913,Microchip Technology Incorporated,MCHP
914,McKesson Corporation,MCK
915,Moody's Corporation,MCO
916,"Monarch Casino & Resort, Inc.",MCRI
917,"MEDNAX, Inc.",MD
918,"MongoDB, Inc.",MDB
919,"M.D.C. Holdings, Inc.",MDC
920,"Madrigal Pharmaceuticals, Inc.",MDGL
921,"Mondelez International, Inc.",MDLZ
922,"Allscripts Healthcare Solutions, Inc.",MDRX
923,Medtronic Public Limited Company,MDT
924,"MDU Resources Group, Inc.",MDU
925,"Medifast, Inc.",MED
926,"Medpace Holdings, Inc.",MEDP
927,"Methode Electronics, Inc.",MEI
928,"MercadoLibre, Inc.",MELI
929,"MetLife, Inc.",MET
930,Magna International Inc.,MGA
931,MGM Resorts International,MGM
932,"MGP Ingredients, Inc.",MGPI
933,McGrath RentCorp,MGRC
934,Magnolia Oil & Gas Corporation,MGY
935,"Mohawk Industries, Inc.",MHK
936,"M/I Homes, Inc.",MHO
937,The Middleby Corporation,MIDD
938,Mimecast Limited,MIME
939,"McCormick & Company, Incorporated",MKC
940,Markel Corporation,MKL
941,"MKS Instruments, Inc.",MKSI
942,MarketAxess Holdings Inc.,MKTX
943,"Mesa Laboratories, Inc.",MLAB
944,"MillerKnoll, Inc.",MLKN
945,"Martin Marietta Materials, Inc.",MLM
946,"Marsh & McLennan Companies, Inc.",MMC
947,"Marcus & Millichap, Inc.",MMI
948,3M Company,MMM
949,"MAXIMUS, Inc.",MMS
950,"Merit Medical Systems, Inc.",MMSI
951,monday.com Ltd.,MNDY
952,"Monro, Inc.",MNRO
953,Monster Beverage Corporation,MNST
954,"Altria Group, Inc.",MO
955,ModivCare Inc.,MODV
956,"Molina Healthcare, Inc.",MOH
957,"Morningstar, Inc.",MORN
958,The Mosaic Company,MOS
959,"Movado Group, Inc.",MOV
960,MP Materials Corp.,MP
961,Marathon Petroleum Corporation,MPC
962,"Medical Properties Trust, Inc.",MPW
963,"Monolithic Power Systems, Inc.",MPWR
964,"Marqeta, Inc.",MQ
965,MRC Global Inc.,MRC
966,"Merck & Co., Inc.",MRK
967,MERCK Kommanditgesellschaft auf Aktien,MRK@DE
968,"Moderna, Inc.",MRNA
969,Marathon Oil Corporation,MRO
970,"Mirati Therapeutics, Inc.",MRTX
971,"Maravai LifeSciences Holdings, Inc.",MRVI
972,"Marvell Technology, Inc.",MRVL
973,Morgan Stanley,MS
974,MSA Safety Incorporated,MSA
975,MSCI Inc.,MSCI
976,Middlesex Water Company,MSEX
977,Microsoft Corporation,MSFT
978,Madison Square Garden Entertainment Corp.,MSGE
979,Madison Square Garden Sports Corp.,MSGS
980,"Motorola Solutions, Inc.",MSI
981,"MSC Industrial Direct Co., Inc.",MSM
982,MicroStrategy Incorporated,MSTR
983,M&T Bank Corporation,MTB
984,"Match Group, Inc.",MTCH
985,Mettler-Toledo International Inc.,MTD
986,MGIC Investment Corporation,MTG
987,Meritage Homes Corporation,MTH
988,"Vail Resorts, Inc.",MTN
989,"Meritor, Inc.",MTOR
990,Materion Corporation,MTRN
991,"Matterport, Inc.",MTTR
992,Minerals Technologies Inc.,MTX
993,MTU Aero Engines AG,MTX@DE
994,"Micron Technology, Inc.",MU
995,Murphy Oil Corporation,MUR
996,Murphy USA Inc.,MUSA
997,Munchener Ruckversicherungs-Gesellschaft Aktiengesellschaft in Munchen,MUV2@DE
998,"MicroVision, Inc.",MVIS
999,"MaxLinear, Inc.",MXL
1000,"Myriad Genetics, Inc.",MYGN
1001,MYR Group Inc.,MYRG
1002,"N-able, Inc.",NABL
1003,"Inari Medical, Inc.",NARI
1004,National Instruments Corporation,NATI
1005,Navient Corporation,NAVI
1006,"Neurocrine Biosciences, Inc.",NBIX
1007,"Nicolet Bankshares, Inc.",NCBS
1008,"nCino, Inc.",NCNO
1009,NCR Corporation,NCR
1010,"Nasdaq, Inc.",NDAQ
1011,Nordson Corporation,NDSN
1012,"NextEra Energy, Inc.",NEE
1013,Newmont Corporation,NEM
1014,"NeoGenomics, Inc.",NEO
1015,Neogen Corporation,NEOG
1016,"Cloudflare, Inc.",NET
1017,NewMarket Corporation,NEU
1018,"New Relic, Inc.",NEWR
1019,New Fortress Energy Inc.,NFE
1020,National Fuel Gas Company,NFG
1021,"Netflix, Inc.",NFLX
1022,Ingevity Corporation,NGVT
1023,New Jersey Resources Corporation,NJR
1024,"NIKE, Inc.",NKE
1025,Nikola Corporation,NKLA
1026,Nektar Therapeutics,NKTR
1027,NortonLifeLock Inc.,NLOK
1028,Nielsen Holdings plc,NLSN
1029,"NMI Holdings, Inc.",NMIH
1030,Northrop Grumman Corporation,NOC
1031,NOV Inc.,NOV
1032,"ServiceNow, Inc.",NOW
1033,"Neenah, Inc.",NP
1034,"National Presto Industries, Inc.",NPK
1035,"NRG Energy, Inc.",NRG
1036,"Nurix Therapeutics, Inc.",NRIX
1037,Norfolk Southern Corporation,NSC
1038,"Insight Enterprises, Inc.",NSIT
1039,"Insperity, Inc.",NSP
1040,"NAPCO Security Technologies, Inc.",NSSC
1041,"NetApp, Inc.",NTAP
1042,"NetScout Systems, Inc.",NTCT
1043,"NETGEAR, Inc.",NTGR
1044,"Intellia Therapeutics, Inc.",NTLA
1045,"Nutanix, Inc.",NTNX
1046,Nutrien Ltd.,NTR
1047,"Natera, Inc.",NTRA
1048,Northern Trust Corporation,NTRS
1049,Natus Medical Incorporated,NTUS
1050,Nu Holdings Ltd.,NU
1051,Nucor Corporation,NUE
1052,"Nu Skin Enterprises, Inc.",NUS
1053,"NuVasive, Inc.",NUVA
1054,"Novavax, Inc.",NVAX
1055,NovoCure Limited,NVCR
1056,NVIDIA Corporation,NVDA
1057,"NV5 Global, Inc.",NVEE
1058,"NVR, Inc.",NVR
1059,Nevro Corp.,NVRO
1060,Envista Holdings Corporation,NVST
1061,Invitae Corporation,NVTA
1062,NorthWestern Corp,NWE
1063,Newell Brands Inc.,NWL
1064,"National Western Life Group, Inc.",NWLI
1065,News Corporation,NWS
1066,News Corporation,NWSA
1067,NXP Semiconductors N.V.,NXPI
1068,"Nexstar Media Group, Inc.",NXST
1069,"New York Community Bancorp, Inc.",NYCB
1070,The New York Times Company,NYT
1071,Realty Income Corporation,O
1072,Owens Corning,OC
1073,"Old Dominion Freight Line, Inc.",ODFL
1074,Orthofix Medical Inc.,OFIX
1075,OGE Energy Corp.,OGE
1076,Organon & Co.,OGN
1077,"ONE Gas, Inc.",OGS
1078,"Omega Healthcare Investors, Inc.",OHI
1079,"O-I Glass, Inc.",OI
1080,"Oceaneering International, Inc.",OII
1081,"Oil States International, Inc.",OIS
1082,"ONEOK, Inc.",OKE
1083,"Okta, Inc.",OKTA
1084,Universal Display Corporation,OLED
1085,"Ollie’s Bargain Outlet Holdings, Inc.",OLLI
1086,Olin Corporation,OLN
1087,Omnicom Group Inc.,OMC
1088,"Omnicell, Inc.",OMCL
1089,"OneMain Holdings, Inc.",OMF
1090,ON Semiconductor Corporation,ON
1091,"1Life Healthcare, Inc.",ONEM
1092,Onto Innovation Inc.,ONTO
1093,Oracle Corporation,ORCL
1094,"O'Reilly Automotive, Inc.",ORLY
1095,"Oak Street Health, Inc.",OSH
1096,"OSI Systems, Inc.",OSIS
1097,Oshkosh Corporation,OSK
1098,"Overstock.com, Inc.",OSTK
1099,"OraSure Technologies, Inc.",OSUR
1100,Otis Worldwide Corporation,OTIS
1101,Ovintiv Inc.,OVV
1102,Occidental Petroleum Corporation,OXY
1103,Pan American Silver Corp.,PAAS
1104,"Pacific Biosciences of California, Inc.",PACB
1105,"Penske Automotive Group, Inc.",PAG
1106,PagSeguro Digital Ltd.,PAGS
1107,"Palo Alto Networks, Inc.",PANW
1108,Paramount Global,PARA
1109,"UiPath, Inc.",PATH
1110,"Patrick Industries, Inc.",PATK
1111,"Paymentus Holdings, Inc.",PAY
1112,"Paycom Software, Inc.",PAYC
1113,"Paychex, Inc.",PAYX
1114,"Prosperity Bancshares, Inc.",PB
1115,Pembina Pipeline Corporation,PBA
1116,"People's United Financial, Inc.",PBCT
1117,PBF Energy Inc.,PBF
1118,Prestige Consumer Healthcare Inc.,PBH
1119,Pitney Bowes Inc.,PBI
1120,PACCAR Inc,PCAR
1121,PG&E Corporation,PCG
1122,"Procore Technologies, Inc. ",PCOR
1123,"Pacira BioSciences, Inc.",PCRX
1124,Paylocity Holding Corporation,PCTY
1125,"PagerDuty, Inc.",PD
1126,"Patterson Companies, Inc.",PDCO
1127,"Healthpeak Properties, Inc.",PEAK
1128,Public Service Enterprise Group Incorporated,PEG
1129,Pegasystems Inc.,PEGA
1130,"Penumbra, Inc.",PEN
1131,"PepsiCo, Inc.",PEP
1132,"PetIQ, Inc.",PETQ
1133,Pfizer Inc.,PFE
1134,"Principal Financial Group, Inc.",PFG
1135,Performance Food Group Company,PFGC
1136,"PennyMac Financial Services, Inc.",PFSI
1137,The Procter & Gamble Company,PG
1138,"Progyny, Inc.",PGNY
1139,The Progressive Corporation,PGR
1140,"PGT Innovations, Inc.",PGTI
1141,Parker-Hannifin Corporation,PH
1142,"PulteGroup, Inc.",PHM
1143,Polaris Inc.,PII
1144,"Premier, Inc.",PINC
1145,"Pinterest, Inc.",PINS
1146,Piper Sandler Companies,PIPR
1147,PJT Partners Inc.,PJT
1148,Packaging Corporation of America,PKG
1149,"PerkinElmer, Inc.",PKI
1150,"Anaplan, Inc.",PLAN
1151,"Dave & Buster's Entertainment, Inc.",PLAY
1152,"The Children's Place, Inc.",PLCE
1153,"Prologis, Inc.",PLD
1154,"Planet Fitness, Inc.",PLNT
1155,Palantir Technologies Inc.,PLTR
1156,Plug Power Inc.,PLUG
1157,ePlus inc.,PLUS
1158,Plexus Corp.,PLXS
1159,Philip Morris International Inc.,PM
1160,"The PNC Financial Services Group, Inc.",PNC
1161,"Pinnacle Financial Partners, Inc.",PNFP
1162,"The Pennant Group, Inc.",PNTG
1163,Insulet Corporation,PODD
1164,Pool Corporation,POOL
1165,Portland General Electric Company,POR
1166,"Poshmark, Inc.",POSH
1167,"Post Holdings, Inc.",POST
1168,"Power Integrations, Inc.",POWI
1169,Pilgrim’s Pride Corporation,PPC
1170,"PPG Industries, Inc.",PPG
1171,PPL Corporation,PPL
1172,"PRA Group, Inc.",PRAA
1173,"Praxis Precision Medicines, Inc.",PRAX
1174,"Perficient, Inc.",PRFT
1175,"PROG Holdings, Inc.",PRG
1176,Progress Software Corporation,PRGS
1177,"Primerica, Inc.",PRI
1178,"Proto Labs, Inc.",PRLB
1179,Prothena Corporation Public Limited Company,PRTA
1180,"CarParts.com, Inc.",PRTS
1181,"Prudential Financial, Inc.",PRU
1182,Public Storage,PSA
1183,"PriceSmart, Inc.",PSMT
1184,Parsons Corporation,PSN
1185,"Pure Storage, Inc.",PSTG
1186,Phillips 66,PSX
1187,PTC Inc.,PTC
1188,"PTC Therapeutics, Inc.",PTCT
1189,"Peloton Interactive, Inc.",PTON
1190,"PubMatic, Inc.",PUBM
1191,Puma SE,PUM@DE
1192,ProPetro Holding Corp.,PUMP
1193,PVH Corp.,PVH
1194,"Quanta Services, Inc.",PWR
1195,Pioneer Natural Resources Company,PXD
1196,"PayPal Holdings, Inc.",PYPL
1197,"Papa John's International, Inc.",PZZA
1198,QUALCOMM Incorporated,QCOM
1199,Quidel Corporation,QDEL
1200,QIAGEN N.V. ,QGEN
1201,"Qualys, Inc.",QLYS
1202,"QuinStreet, Inc.",QNST
1203,"Qurate Retail, Inc.",QRTEA
1204,"Qorvo, Inc.",QRVO
1205,QuantumScape Corporation,QS
1206,"Q2 Holdings, Inc.",QTWO
1207,Quotient Technology Inc.,QUOT
1208,"Ryder System, Inc.",R
1209,Ferrari N.V.,RACE
1210,"LiveRamp Holdings, Inc.",RAMP
1211,Ultragenyx Pharmaceutical Inc.,RARE
1212,Roblox Corporation,RBLX
1213,"Rent-A-Center, Inc.",RCII
1214,Royal Caribbean Cruises Ltd.,RCL
1215,"Arcus Biosciences, Inc.",RCUS
1216,Redfin Corporation,RDFN
1217,"Everest Re Group, Ltd.",RE
1218,Regency Centers Corporation,REG
1219,"Renewable Energy Group, Inc.",REGI
1220,"Regeneron Pharmaceuticals, Inc.",REGN
1221,"Reata Pharmaceuticals, Inc.",RETA
1222,REX American Resources Corporation,REX
1223,Reynolds Consumer Products Inc.,REYN
1224,"Resideo Technologies, Inc.",REZI
1225,Regions Financial Corporation,RF
1226,"Reinsurance Group of America, Incorporated",RGA
1227,Repligen Corporation,RGEN
1228,"Royal Gold, Inc.",RGLD
1229,REGENXBIO Inc.,RGNX
1230,"Sturm, Ruger & Company, Inc.",RGR
1231,RH,RH
1232,Robert Half International Inc.,RHI
1233,Rheinmetall Aktiengesellschaft,RHM@DE
1234,Lordstown Motors Corp.,RIDE
1235,Transocean Ltd.,RIG
1236,"Riot Blockchain, Inc.",RIOT
1237,"Rivian Automotive, Inc.",RIVN
1238,"Raymond James Financial, Inc.",RJF
1239,"Rocket Lab USA, Inc.",RKLB
1240,Ralph Lauren Corporation,RL
1241,ResMed Inc.,RMD
1242,"RingCentral, Inc.",RNG
1243,RenaissanceRe Holdings Ltd.,RNR
1244,"Gibraltar Industries, Inc.",ROCK
1245,Rogers Corporation,ROG
1246,"Rockwell Automation, Inc.",ROK
1247,"Roku, Inc.",ROKU
1248,"Rollins, Inc.",ROL
1249,RBC Bearings Incorporated,ROLL
1250,"Roper Technologies, Inc.",ROP
1251,"Ross Stores, Inc.",ROST
1252,"Rapid7, Inc.",RPD
1253,RPM International Inc.,RPM
1254,"Red River Bancshares, Inc.",RRBI
1255,Range Resources Corporation,RRC
1256,"Red Robin Gourmet Burgers, Inc.",RRGB
1257,"Red Rock Resorts, Inc.",RRR
1258,Regal Rexnord Corporation,RRX
1259,Reliance Steel & Aluminum Co.,RS
1260,"Republic Services, Inc.",RSG
1261,Riskified Ltd.,RSKD
1262,Raytheon Technologies Corporation,RTX
1263,Sunrun Inc.,RUN
1264,"Revolve Group, Inc.",RVLV
1265,RWE Aktiengesellschaft,RWE@DE
1266,"Recursion Pharmaceuticals, Inc.",RXRX
1267,Royal Bank of Canada,RY
1268,Rayonier Inc.,RYN
1269,"Rhythm Pharmaceuticals, Inc.",RYTM
1270,"SentinelOne, Inc.",S
1271,"Sanderson Farms, Inc.",SAFM
1272,"Sage Therapeutics, Inc.",SAGE
1273,"Saia, Inc.",SAIA
1274,Science Applications International Corporation,SAIC
1275,"SailPoint Technologies Holdings, Inc.",SAIL
1276,"The Boston Beer Company, Inc.",SAM
1277,SAP SE,SAP@DE
1278,EchoStar Corporation,SATS
1279,"Cassava Sciences, Inc.",SAVA
1280,"Spirit Airlines, Inc.",SAVE
1281,SBA Communications Corporation,SBAC
1282,Seacoast Banking Corporation of Florida,SBCF
1283,"Sinclair Broadcast Group, Inc.",SBGI
1284,"Sally Beauty Holdings, Inc.",SBH
1285,"Sabra Health Care REIT, Inc.",SBRA
1286,Starbucks Corporation,SBUX
1287,Southern Copper Corporation,SCCO
1288,The Charles Schwab Corporation,SCHW
1289,Service Corporation International,SCI
1290,Stepan Company,SCL
1291,"ScanSource, Inc.",SCSC
1292,"Schrodinger, Inc.",SDGR
1293,"SolarEdge Technologies, Inc.",SEDG
1294,Sealed Air Corporation,SEE
1295,SEI Investments Company,SEIC
1296,Stifel Financial Corp.,SF
1297,"Stitch Fix, Inc.",SFIX
1298,"Sprouts Farmers Market, Inc.",SFM
1299,Seagen Inc.,SGEN
1300,"Sangamo Therapeutics, Inc.",SGMO
1301,Shake Shack Inc.,SHAK
1302,Shenandoah Telecommunications Company,SHEN
1303,Siemens Healthineers AG,SHL@DE
1304,"Shoals Technologies Group, Inc.",SHLS
1305,"Steven Madden, Ltd.",SHOO
1306,Shopify Inc.,SHOP
1307,The Sherwin-Williams Company,SHW
1308,Silvergate Capital Corporation,SI
1309,Siemens Aktiengesellschaft,SIE@DE
1310,Signet Jewelers Limited,SIG
1311,"Selective Insurance Group, Inc.",SIGI
1312,"SiteOne Landscape Supply, Inc.",SITE
1313,SiTime Corporation,SITM
1314,SVB Financial Group,SIVB
1315,"South Jersey Industries, Inc.",SJI
1316,The J.M. Smucker Company,SJM
1317,SJW Group,SJW
1318,The Beauty Health Company,SKIN
1319,Skillz Inc.,SKLZ
1320,"Skechers U.S.A., Inc.",SKX
1321,Skyline Champion Corporation,SKY
1322,Silicon Laboratories Inc.,SLAB
1323,Schlumberger Limited,SLB
1324,Solid Biosciences Inc.,SLDB
1325,SL Green Realty Corp.,SLG
1326,Silgan Holdings Inc.,SLGN
1327,"Simulations Plus, Inc.",SLP
1328,"SelectQuote, Inc.",SLQT
1329,Sylvamo Corporation,SLVM
1330,Smartsheet Inc.,SMAR
1331,The Scotts Miracle-Gro Company,SMG
1332,The Simply Good Foods Company,SMPL
1333,Semtech Corporation,SMTC
1334,Snap-on Incorporated,SNA
1335,Snap Inc.,SNAP
1336,Sleep Number Corporation,SNBR
1337,Snowflake Inc.,SNOW
1338,"Synopsys, Inc.",SNPS
1339,TD SYNNEX Corporation,SNX
1340,The Southern Company,SO
1341,"SoFi Technologies, Inc.",SOFI
1342,Sonoco Products Company,SON
1343,"Sonos, Inc.",SONO
1344,SP Plus Corporation,SP
1345,"Spectrum Brands Holdings, Inc.",SPB@US
1346,"Virgin Galactic Holdings, Inc.",SPCE
1347,"Simon Property Group, Inc.",SPG
1348,S&P Global Inc.,SPGI
1349,Splunk Inc.,SPLK
1350,Spotify Technology S.A.,SPOT
1351,"Spirit AeroSystems Holdings, Inc.",SPR
1352,"SPS Commerce, Inc.",SPSC
1353,"Sprout Social, Inc.",SPT
1354,"Block, Inc.",SQ
1355,"Squarespace, Inc.",SQSP
1356,Spire Inc.,SR
1357,"Spirit Realty Capital, Inc.",SRC
1358,"Stericycle, Inc.",SRCL
1359,"Surmodics, Inc.",SRDX
1360,Sempra Energy,SRE
1361,"Stoneridge, Inc.",SRI
1362,"Sarepta Therapeutics, Inc.",SRPT
1363,SouthState Corporation,SSB
1364,"Simpson Manufacturing Co., Inc.",SSD
1365,"SS&C Technologies Holdings, Inc.",SSNC
1366,"Shutterstock, Inc.",SSTK
1367,STAAR Surgical Company,STAA
1368,"STAG Industrial, Inc.",STAG
1369,STERIS plc,STE
1370,"Stem, Inc.",STEM
1371,Stellantis N.V.,STLA
1372,"Steel Dynamics, Inc.",STLD
1373,StoneCo Ltd.,STNE
1374,STORE Capital Corporation,STOR
1375,"Strategic Education, Inc.",STRA
1376,State Street Corporation,STT
1377,"Starwood Property Trust, Inc.",STWD
1378,Seagate Technology Holdings public limited company,STX
1379,"Constellation Brands, Inc.",STZ
1380,"Supernus Pharmaceuticals, Inc.",SUPN
1381,"ShockWave Medical, Inc.",SWAV
1382,"Smith & Wesson Brands, Inc.",SWBI
1383,"Switch, Inc.",SWCH
1384,SolarWinds Corporation,SWI
1385,"Stanley Black & Decker, Inc.",SWK
1386,"Skyworks Solutions, Inc.",SWKS
1387,Southwestern Energy Company,SWN
1388,"SpringWorks Therapeutics, Inc.",SWTX
1389,"Southwest Gas Holdings, Inc.",SWX
1390,Standex International Corporation,SXI
1391,Sensient Technologies Corporation,SXT
1392,Synchrony Financial,SYF
1393,Stryker Corporation,SYK
1394,Synaptics Incorporated,SYNA
1395,"Syneos Health, Inc.",SYNH
1396,Sysco Corporation,SYY
1397,AT&T INC.,T
1398,Molson Coors Beverage Company,TAP
1399,"TaskUs, Inc.",TASK
1400,"Texas Capital Bancshares, Inc.",TCBI
1401,"Tactile Systems Technology, Inc.",TCMD
1402,TCR2 Therapeutics Inc.,TCRR
1403,Tucows Inc.,TCX
1404,Teradata Corporation,TDC
1405,TransDigm Group Incorporated,TDG
1406,"Teladoc Health, Inc.",TDOC
1407,"Telephone and Data Systems, Inc.",TDS
1408,Teledyne Technologies Incorporated,TDY
1409,Bio-Techne Corporation,TECH
1410,TE Connectivity Ltd.,TEL
1411,"Tenable Holdings, Inc.",TENB
1412,"Teradyne, Inc.",TER
1413,Truist Financial Corporation,TFC
1414,Teleflex Incorporated,TFX
1415,TEGNA Inc.,TGNA
1416,Target Corporation,TGT
1417,"TG Therapeutics, Inc.",TGTX
1418,"The Hanover Insurance Group, Inc.",THG
1419,"Thor Industries, Inc.",THO
1420,Gentherm Incorporated,THRM
1421,"TreeHouse Foods, Inc.",THS
1422,"The TJX Companies, Inc.",TJX
1423,The Timken Company,TKR
1424,Taylor Morrison Home Corporation,TMHC
1425,Thermo Fisher Scientific Inc.,TMO
1426,"T-Mobile US, Inc.",TMUS
1427,"Terminix Global Holdings, Inc.",TMX
1428,Tennant Company,TNC
1429,"Tandem Diabetes Care, Inc.",TNDM
1430,"TriNet Group, Inc.",TNET
1431,Travel + Leisure Co.,TNL
1432,"Toll Brothers, Inc.",TOL
1433,"Toast, Inc.",TOST
1434,TPG Inc.,TPG
1435,"Tri Pointe Homes, Inc.",TPH
1436,"TPI Composites, Inc.",TPIC
1437,"Tapestry, Inc.",TPR
1438,"Turning Point Therapeutics, Inc.",TPTX
1439,"Tempur Sealy International, Inc.",TPX
1440,"LendingTree, Inc.",TREE
1441,"Trex Company, Inc.",TREX
1442,Targa Resources Corp.,TRGP
1443,"Tabula Rasa HealthCare, Inc.",TRHC
1444,Thomson Reuters Corporation,TRI
1445,"TripAdvisor, Inc.",TRIP
1446,Trimble Inc.,TRMB
1447,Terreno Realty Corporation,TRNO
1448,"T. Rowe Price Group, Inc.",TROW
1449,TransUnion,TRU
1450,"Trupanion, Inc.",TRUP
1451,"The Travelers Companies, Inc.",TRV
1452,Tractor Supply Company,TSCO
1453,"Tesla, Inc.",TSLA
1454,"Tyson Foods, Inc.",TSN
1455,TuSimple Holdings Inc.,TSP
1456,"2seventy bio, Inc.",TSVT
1457,Trane Technologies plc,TT
1458,The Toro Company,TTC
1459,"Tattooed Chef, Inc.",TTCF
1460,"The Trade Desk, Inc.",TTD
1461,"Tetra Tech, Inc.",TTEK
1462,"TTM Technologies, Inc.",TTMI
1463,"Take-Two Interactive Software, Inc.",TTWO
1464,Tradeweb Markets Inc.,TW
1465,Twilio Inc.,TWLO
1466,"Hostess Brands, Inc.",TWNK
1467,"2U, Inc.",TWOU
1468,Twist Bioscience Corporation,TWST
1469,"Twitter, Inc.",TWTR
1470,"10x Genomics, Inc.",TXG
1471,Texas Instruments Incorporated,TXN
1472,"Texas Roadhouse, Inc.",TXRH
1473,Textron Inc.,TXT
1474,"Tyler Technologies, Inc.",TYL
1475,Unity Software Inc.,U
1476,"Under Armour, Inc.",UA
1477,"Under Armour, Inc.",UAA
1478,"United Airlines Holdings, Inc.",UAL
1479,"Uber Technologies, Inc.",UBER
1480,UBS Group AG,UBS
1481,"United Bankshares, Inc.",UBSI
1482,"Ultra Clean Holdings, Inc.",UCTT
1483,"UDR, Inc.",UDR
1484,"UFP Industries, Inc.",UFPI
1485,UGI Corporation,UGI
1486,"Universal Health Services, Inc.",UHS
1487,Ubiquiti Inc.,UI
1488,"Ulta Beauty, Inc.",ULTA
1489,UMB Financial Corporation,UMBF
1490,UniFirst Corporation,UNF
1491,UnitedHealth Group Incorporated,UNH
1492,Unum Group,UNM
1493,Union Pacific Corporation,UNP
1494,Univar Solutions Inc.,UNVR
1495,"United Parcel Service, Inc.",UPS
1496,"Upstart Holdings, Inc.",UPST
1497,Upwork Inc.,UPWK
1498,"Urban Outfitters, Inc.",URBN
1499,"United Rentals, Inc.",URI
1500,U.S. Bancorp,USB
1501,US Foods Holding Corp.,USFD
1502,United States Cellular Corporation,USM
1503,"USANA Health Sciences, Inc.",USNA
1504,"U.S. Physical Therapy, Inc.",USPH
1505,United Therapeutics Corporation,UTHR
1506,Unitil Corporation,UTL
1507,Visa Inc.,V
1508,Marriott Vacations Worldwide Corporation,VAC
1509,Visteon Corporation,VC
1510,Vericel Corporation,VCEL
1511,"Veracyte, Inc.",VCYT
1512,"Vectrus, Inc.",VEC
1513,Veeva Systems Inc.,VEEV
1514,V.F. Corporation,VFC
1515,Vonage Holdings Corp.,VG
1516,Vicor Corporation,VICR
1517,"Vir Biotechnology, Inc.",VIR
1518,"Virtu Financial, Inc.",VIRT
1519,"Velodyne Lidar, Inc.",VLDR
1520,Valero Energy Corporation,VLO
1521,Vulcan Materials Company,VMC
1522,"Vimeo, Inc.",VMEO
1523,"Valmont Industries, Inc.",VMI
1524,"Vmware, Inc.",VMW
1525,Vonovia SE,VNA@DE
1526,Vanda Pharmaceuticals Inc.,VNDA
1527,"Veoneer, Inc.",VNE
1528,Vornado Realty Trust,VNO
1529,Vontier Corporation,VNT
1530,VOLKSWAGEN AKTIENGESELLSCHAFT,VOW3@DE
1531,"Voya Financial, Inc.",VOYA
1532,"Vishay Precision Group, Inc.",VPG
1533,Varex Imaging Corporation,VREX
1534,"Varonis Systems, Inc.",VRNS
1535,Verint Systems Inc.,VRNT
1536,"Verisk Analytics, Inc.",VRSK
1537,"VeriSign, Inc.",VRSN
1538,Vertiv Holdings Co,VRT
1539,"Virtus Investment Partners, Inc.",VRTS
1540,Veritiv Corporation,VRTV
1541,Vertex Pharmaceuticals Incorporated,VRTX
1542,"ViaSat, Inc.",VSAT
1543,Victoria’s Secret & Co.,VSCO
1544,Vistra Corp.,VST
1545,Vista Outdoor Inc.,VSTO
1546,"Ventas, Inc.",VTR
1547,Viatris Inc.,VTRS
1548,Vitesco Technologies Group Aktiengesellschaft,VTSC@DE
1549,Vuzix Corporation,VUZI
1550,Valvoline Inc.,VVV
1551,"Vaxart, Inc.",VXRT
1552,Verizon Communications Inc.,VZ
1553,VIZIO Holding Corp.,VZIO
1554,Wayfair Inc.,W
1555,Westinghouse Air Brake Technologies Corporation,WAB
1556,Westamerica Bancorporation,WABC
1557,"Washington Federal, Inc.",WAFD
1558,Western Alliance Bancorporation,WAL
1559,Waters Corporation,WAT
1560,"Walgreens Boots Alliance, Inc.",WBA
1561,Webster Financial Corporation,WBS
1562,"WESCO International, Inc.",WCC
1563,"Workday, Inc.",WDAY
1564,Western Digital Corporation,WDC
1565,WD-40 Company,WDFC
1566,"WEC Energy Group, Inc.",WEC
1567,Welltower Inc.,WELL
1568,"Werner Enterprises, Inc.",WERN
1569,WEX Inc.,WEX
1570,Wells Fargo & Company,WFC
1571,"Winnebago Industries, Inc.",WGO
1572,"Wyndham Hotels & Resorts, Inc.",WH
1573,"Cactus, Inc.",WHD
1574,Whirlpool Corporation,WHR
1575,Wingstop Inc.,WING
1576,Encore Wire Corporation,WIRE
1577,ContextLogic Inc.,WISH
1578,Wix.com Ltd.,WIX
1579,Workiva Inc.,WK
1580,Workhorse Group Inc.,WKHS
1581,Westlake Corporation,WLK
1582,"Waste Management, Inc.",WM
1583,"The Williams Companies, Inc.",WMB
1584,"Advanced Drainage Systems, Inc.",WMS
1585,Walmart Inc.,WMT
1586,"Wolfspeed, Inc.",WOLF
1587,"Worthington Industries, Inc.",WOR
1588,W.P. Carey Inc.,WPC
1589,Wheaton Precious Metals Corp.,WPM
1590,W. R. Berkley Corporation,WRB
1591,Warby Parker Inc.,WRBY
1592,WestRock Company,WRK
1593,World Acceptance Corporation,WRLD
1594,WillScot Mobile Mini Holdings Corp.,WSC
1595,"Williams-Sonoma, Inc.",WSM
1596,"Watsco, Inc.",WSO
1597,"West Pharmaceutical Services, Inc.",WST
1598,Wintrust Financial Corporation,WTFC
1599,"Essential Utilities, Inc.",WTRG
1600,"Watts Water Technologies, Inc.",WTS
1601,"Select Energy Services, Inc.",WTTR
1602,Willis Towers Watson Public Limited Company,WTW
1603,The Western Union Company,WU
1604,"WW International, Inc.",WW
1605,"Woodward, Inc.",WWD
1606,"World Wrestling Entertainment, Inc.",WWE
1607,"Wolverine World Wide, Inc.",WWW
1608,Weyerhaeuser Company,WY
1609,"Wynn Resorts, Limited",WYNN
1610,Xcel Energy Inc.,XEL
1611,Qualtrics International Inc.,XM
1612,"Xencor, Inc.",XNCR
1613,Exxon Mobil Corporation,XOM
1614,XP Inc.,XP
1615,"XPEL, Inc.",XPEL
1616,"XPO Logistics, Inc.",XPO
1617,DENTSPLY SIRONA Inc.,XRAY
1618,Xerox Holdings Corporation,XRX
1619,Xylem Inc.,XYL
1620,Alleghany Corporation,Y
1621,Yelp Inc.,YELP
1622,"YETI Holdings, Inc.",YETI
1623,"Yext, Inc.",YEXT
1624,Yandex N.V.,YNDX
1625,"Yum! Brands, Inc.",YUM
1626,"Yum China Holdings, Inc.",YUMC
1627,"Zillow Group, Inc.",Z
1628,"Zimmer Biomet Holdings, Inc.",ZBH
1629,Zebra Technologies Corporation,ZBRA
1630,"Ziff Davis, Inc.",ZD
1631,"Zendesk, Inc.",ZEN
1632,"Zillow Group, Inc.",ZG
1633,ZoomInfo Technologies Inc.,ZI
1634,ZIM Integrated Shipping Services Ltd.,ZIM
1635,ZimVie Inc.,ZIMV
1636,"Zions Bancorporation, National Association",ZION
1637,"ZipRecruiter, Inc.",ZIP
1638,"Zoom Video Communications, Inc.",ZM
1639,"Zscaler, Inc.",ZS
1640,Zoetis Inc.,ZTS
1641,Zumiez Inc.,ZUMZ
1642,"Zuora, Inc.",ZUO
1643,Zurn Water Solutions Corporation,ZWS
1644,Zymergen Inc.,ZY
1645,"Zynerba Pharmaceuticals, Inc.",ZYNE
1646,"Zynex, Inc.",ZYXI
